Year,ABW,AFG,AGO,ALB,AND,ARE,ARG,ARM,ASM,ATG,AUS,AUT,AZE,BDI,BEL,BEN,BFA,BGD,BGR,BHR,BHS,BIH,BLR,BLZ,BMU,BOL,BRA,BRB,BRN,BTN,BWA,CAF,CAN,CHE,CHL,CHN,CIV,CMR,COD,COG,COL,COM,CPV,CRI,CUB,CUW,CYM,CYP,CZE,DEU,DJI,DMA,DNK,DOM,DZA,ECU,EGY,ERI,ESP,EST,ETH,FIN,FJI,FRA,FRO,FSM,GAB,GBR,GEO,GHA,GIN,GMB,GNB,GNQ,GRC,GRD,GRL,GTM,GUM,GUY,HND,HRV,HTI,HUN,IDN,IMN,IND,IRL,IRN,IRQ,ISL,ITA,JAM,JOR,JPN,KAZ,KEN,KGZ,KHM,KIR,KNA,KOR,KWT,LAO,LBN,LBR,LBY,LCA,LIE,LKA,LSO,LTU,LUX,LVA,MAF,MAR,MCO,MDA,MDG,MDV,MEX,MHL,MKD,MLI,MLT,MMR,MNE,MNG,MNP,MOZ,MRT,MUS,MWI,MYS,NAM,NCL,NER,NGA,NIC,NLD,NOR,NPL,NRU,NZL,OMN,PAK,PAN,PER,PHL,PLW,PNG,POL,PRI,PRK,PRT,PRY,PYF,QAT,ROU,RUS,RWA,SAU,SDN,SEN,SGP,SLB,SLE,SLV,SMR,SOM,SRB,SSD,STP,SUR,SVK,SVN,SWE,SWZ,SXM,SYC,SYR,TCA,TCD,TGO,THA,TJK,TKM,TLS,TON,TTO,TUN,TUR,TUV,TZA,UGA,UKR,URY,USA,UZB,VCT,VEN,VGB,VIR,VNM,VUT,WSM,XKX,YEM,ZAF,ZMB,ZWE
1971,14495.651,1895.839,3410.31,4352.729,,21184.259,88939.418,,,425.372,152774.554,52155.741,,73.34,121528.047,293.36,150.347,23076.431,64300.845,3039.943,6732.612,,,143.013,231.021,3061.945,102635.663,484.044,7517.35,3.667,,183.35,352607.719,41943.146,27095.463,876633.02,2706.246,810.407,2962.936,685.729,30326.09,29.336,36.67,1529.139,19607.449,,44.004,1884.838,,,161.348,25.669,57062.187,3523.987,18668.697,4224.384,23047.095,,128682.364,,1851.835,40582.689,550.05,462434.369,260.357,,2845.592,660863.073,,2295.542,814.074,55.005,73.34,66.006,27814.195,47.671,469.376,2442.222,,1499.803,1331.121,,403.37,69280.631,38987.544,,205869.047,22497.045,101722.58,28862.957,1474.134,311588.657,5753.523,1657.484,797543.164,,3685.335,,249.356,29.336,29.336,58616.995,27139.467,421.705,5339.152,1525.472,21646.301,69.673,,3197.624,,,13201.2,,,8203.079,,,1026.76,3.667,126339.151,,,227.354,660.06,5104.464,,3036.276,,3615.662,399.703,396.036,502.379,16677.516,,2420.22,231.021,32280.601,1507.137,140875.139,27198.139,198.018,88.008,15060.369,2093.857,23076.431,2603.57,18613.692,27586.841,165.015,825.075,313246.141,,107560.444,16406.158,634.391,227.354,9152.832,125829.438,2503944.944,62.339,59808.77,4983.453,1353.123,16593.175,47.671,803.073,1510.804,,187.017,,,11.001,1716.156,,,84590.356,399.703,,33.003,8885.141,,150.347,315.362,19248.083,,,,18.335,8104.07,4213.383,47733.339,,2464.224,1441.131,,5808.528,4356770.034,,29.336,62562.687,22.002,,24528.563,58.672,36.67,,216.353,168568.323,3791.678,8742.128
1972,14055.611,1532.806,4506.743,5643.513,,23454.132,90156.862,,,374.034,157486.649,56193.108,,73.34,130834.893,388.702,161.348,3509.319,66171.015,3681.668,6490.59,,,157.681,253.023,3571.658,114362.729,502.379,9460.86,3.667,22.002,168.682,381136.979,42973.573,28191.896,931575.681,3014.274,861.745,3021.608,663.727,31481.195,29.336,51.338,1763.827,20799.224,,55.005,2405.552,,,190.684,25.669,59643.755,4675.425,28349.577,4594.751,25511.319,,145026.183,,1408.128,44161.681,579.386,480729.032,234.688,,2739.249,648486.948,,2423.887,832.409,66.006,66.006,88.008,31572.87,47.671,553.717,2709.913,,1562.142,1536.473,,392.369,69430.978,43340.273,,217849.136,22053.338,106115.646,29552.353,1485.135,328970.237,6288.905,1917.841,853373.239,,3872.352,,117.344,25.669,29.336,60336.818,27634.512,487.711,5727.854,1507.137,15232.718,77.007,,3542.322,,,13494.56,,,8049.065,,,1287.117,3.667,132459.374,,,245.689,839.743,4899.112,,3281.965,,3300.3,447.374,689.396,546.383,17913.295,,1705.155,253.023,41426.099,1606.146,157794.677,29427.675,267.691,77.007,16197.139,2090.19,18929.054,2801.588,18173.652,26442.737,172.349,1268.782,329952.993,,89599.478,18349.668,715.065,216.353,10784.647,132422.704,2634955.853,66.006,70344.061,5379.489,1455.799,22240.355,55.005,678.395,1679.486,,234.688,,,11.001,1745.492,,,84781.04,381.368,,44.004,7766.706,,121.011,399.703,21836.985,,,,22.002,8243.416,4737.764,53857.229,,2167.197,1382.459,,6076.219,4564952.958,,36.67,62577.355,22.002,,23058.096,62.339,36.67,,253.023,171725.61,4066.703,8225.081
1973,15592.084,1639.149,4880.777,5291.481,,30630.451,94065.884,,,330.03,170992.21,60164.469,,73.34,138872.957,381.368,168.682,4554.414,68825.923,5522.502,7873.049,,,146.68,425.372,3457.981,132463.041,480.377,9981.574,3.667,51.338,161.348,381621.023,46262.872,27652.847,968542.708,3208.625,898.415,3193.957,1221.111,33699.73,29.336,62.339,2046.186,22398.036,,58.672,2500.894,,,179.683,25.669,59266.054,5966.209,38312.816,5262.145,23795.163,,155367.123,,1752.826,49387.156,630.724,516599.626,253.023,,5313.483,660034.331,,2475.225,803.073,62.339,110.01,29.336,37256.72,55.005,557.384,2937.267,,1804.164,1510.804,,421.705,73068.642,49134.133,,224343.393,22860.078,129595.447,30645.119,1752.826,354320.208,8298.421,2203.867,915748.909,,3920.023,,128.345,36.67,29.336,73094.311,24242.537,517.047,7172.652,1481.468,14587.326,80.674,,3689.002,,,14169.288,,,9640.543,,,1074.431,3.667,144292.783,,,267.691,806.74,4110.707,,3479.983,,3564.324,469.376,678.395,572.052,17513.592,,2599.903,330.03,49577.84,1829.833,165645.724,30524.108,421.705,84.341,18202.988,2112.192,20036.488,3241.628,19757.796,31543.534,176.016,1345.789,336128.221,,97428.523,20003.485,869.079,209.019,12467.8,144960.177,2746751.682,69.673,95136.648,5427.16,1551.141,21220.929,66.006,539.049,1969.179,,264.024,,,14.668,2108.525,,,87366.275,370.367,,47.671,7895.051,,161.348,403.37,24455.223,,,,25.669,9398.521,4829.439,59486.074,,3186.623,1180.774,,5775.525,4770194.948,,40.337,66501.045,25.669,,25096.948,55.005,36.67,,326.363,173533.441,4591.084,9281.177
1974,14132.618,1917.841,4873.443,4345.395,,31327.181,95569.354,,,429.039,172356.334,57469.224,,91.675,135220.625,407.037,205.352,4660.757,71260.811,5405.158,7389.005,,,154.014,443.707,3516.653,143456.707,491.378,8184.744,3.667,88.008,113.677,389970.782,41481.104,25955.026,988014.478,3560.657,975.422,3369.973,1624.481,36479.316,29.336,66.006,1906.84,22911.416,,55.005,1925.175,,,194.351,29.336,55078.34,6417.25,31906.567,6090.887,26123.708,,173152.073,,1738.158,46680.91,671.061,499071.366,300.694,,5452.829,617607.141,,2937.267,839.743,62.339,102.676,51.338,36218.959,36.67,557.384,3069.279,,1554.808,1558.475,,473.043,74102.736,51260.993,,231992.755,23303.785,143911.415,30942.146,1741.825,359406.337,7601.691,2229.536,915873.587,,4950.45,,73.34,33.003,36.67,75686.88,19328.757,293.36,7231.324,1723.49,9347.183,73.34,,2933.6,,,14411.31,,,11136.679,,,1188.108,3.667,155007.757,,,304.361,744.401,4675.425,,3751.341,,3149.953,484.044,693.063,550.05,19050.065,,2783.253,289.693,62291.329,1950.844,160445.918,27696.851,425.372,99.009,18756.705,2335.879,21418.947,3021.608,21360.275,30531.442,194.351,1587.811,346876.198,,101718.913,20714.883,953.42,216.353,10487.62,150944.721,2851891.906,73.34,98788.98,5683.85,1851.835,21968.997,66.006,520.714,1972.846,,330.03,,,18.335,1602.479,,,79889.262,311.695,,55.005,9666.212,,150.347,377.701,24246.204,,,,22.002,10051.247,5397.824,61136.224,,2306.543,1195.442,,5683.85,4598487.673,,33.003,75133.163,25.669,,19083.068,62.339,33.003,,370.367,176734.732,4202.382,9057.49
1975,10234.597,2126.86,4415.068,4594.751,,31070.491,94931.296,,,707.731,175883.988,54392.611,,77.007,122100.099,443.707,220.02,4869.776,73061.308,5753.523,8254.417,,,176.016,458.375,4059.369,151164.741,568.385,7080.977,3.667,187.017,102.676,397143.434,39097.554,23014.092,1145607.47,3989.696,1162.439,3237.961,1100.1,35896.263,33.003,77.007,2038.852,27066.127,,55.005,1980.18,,,198.018,29.336,55778.737,6340.243,32031.245,7363.336,31099.827,,181644.845,,1210.11,46101.524,623.39,446919.292,348.365,,5368.488,603643.205,,2746.583,843.41,99.009,113.677,62.339,38873.867,47.671,506.046,3523.987,,1826.166,1668.485,,484.044,75389.853,53963.572,,252201.592,22053.338,139349.667,33157.014,1617.147,342310.783,8188.411,2493.56,870072.757,,4976.119,,73.34,33.003,33.003,81829.105,16827.863,253.023,6431.918,1485.135,11580.386,77.007,,2896.93,,,11844.41,,,11111.01,,,1694.154,7.334,164472.284,,,341.031,667.394,4587.417,,4066.703,,2885.929,509.713,590.387,579.386,19446.101,,2530.23,333.697,47395.975,1928.842,153020.243,29673.364,352.032,102.676,18261.66,7256.993,23219.444,3663.333,21965.33,32526.29,194.351,1532.806,375559.472,,107740.127,21356.608,839.743,212.686,10956.996,162257.416,2998311.549,176.016,83336.242,4239.052,2581.568,24543.231,58.672,524.381,2108.525,,502.379,,,18.335,2020.517,,,80824.347,337.364,,58.672,11184.35,,183.35,311.695,24407.552,,,,33.003,9622.208,5548.171,65697.972,,2284.541,1133.103,,5969.876,4406329.539,,33.003,63816.801,25.669,,21800.315,55.005,58.672,,605.055,185201.835,4081.371,8320.423
1976,21862.654,1987.514,3285.632,4950.45,,39651.271,99786.404,,,403.37,174244.839,58415.31,,88.008,130009.818,260.357,209.019,5570.173,73116.313,6574.931,6464.921,,,176.016,469.376,4580.083,155154.437,531.715,6024.881,3.667,594.054,128.345,399317.965,40483.68,24103.191,1196193.735,3964.027,1092.766,3413.977,1235.779,38089.129,40.337,73.34,2086.523,27223.808,,66.006,2464.224,,,198.018,29.336,60135.133,6332.909,39170.894,8111.404,34495.469,,198443.372,,1177.107,51279.328,484.044,505602.293,330.03,,5709.519,598912.775,,2434.888,887.414,99.009,95.342,62.339,42911.234,47.671,220.02,3311.301,,1752.826,1778.495,,674.728,80013.94,61810.952,,263785.645,22295.36,156643.239,48800.436,1705.155,367312.389,7282.662,2951.935,908902.62,,4609.419,,73.34,33.003,36.67,93306.815,18474.346,223.687,6127.557,1477.801,17916.962,84.341,,2805.255,,,11840.743,,,11547.383,,,993.757,11.001,184138.405,,,341.031,762.736,4899.112,,4404.067,,2559.566,517.047,619.723,583.053,23894.172,,2390.884,333.697,55247.022,2225.869,169683.091,29317.665,282.359,102.676,19237.082,8327.757,22838.076,3611.995,22442.04,35129.86,113.677,1573.143,399035.606,,110189.683,22423.705,1034.094,264.024,10384.944,174765.553,3113979.73,267.691,101550.231,3755.008,1774.828,30036.397,62.339,451.041,2211.201,,480.377,,,29.336,1998.515,,,88308.694,333.697,,80.674,13758.584,,183.35,322.696,28778.616,,,,29.336,15925.781,5848.865,73721.368,,2790.587,990.09,,5896.536,4613100.668,,33.003,57344.546,25.669,,13923.599,44.004,47.671,,729.733,193115.221,4026.366,10868.988
1977,11419.038,2390.884,3534.988,5720.52,,38785.859,100791.162,,,465.709,187787.07,56218.777,,99.009,126570.172,297.027,249.356,5812.195,75969.239,7469.679,9717.55,,,198.018,454.708,4481.074,162961.48,590.387,6395.248,7.334,781.071,128.345,408151.768,41085.068,23109.434,1310310.775,4055.702,1565.809,3487.317,480.377,39354.244,40.337,80.674,2614.571,29402.006,,69.673,2669.576,,,198.018,25.669,61847.622,5614.177,41891.808,7484.347,37865.442,,195663.786,,1048.762,50219.565,766.403,480857.377,407.037,,6314.574,604746.972,,3003.273,902.082,113.677,102.676,62.339,46999.939,47.671,722.399,3813.68,,1899.506,2002.182,,707.731,83204.23,82434.16,,279051.366,23567.809,163969.905,43710.64,1906.84,356175.71,7447.677,3164.621,935213.345,,5056.793,,73.34,22.002,36.67,105712.276,17220.232,231.021,5573.84,1474.134,20106.161,69.673,,2918.932,,,10927.66,,,12702.488,,,847.077,14.668,192847.53,,,414.371,803.073,5174.137,,4972.452,,2713.58,557.384,641.725,638.058,22610.722,,2141.528,366.7,50567.93,2838.258,164277.933,31070.491,337.364,113.677,20300.512,8507.44,24389.217,3461.648,23340.455,36754.341,183.35,1580.477,419024.423,,113867.684,22728.066,1158.772,275.025,9926.569,178399.55,3220146.714,267.691,118176.409,3806.346,2244.204,28309.24,80.674,513.38,2288.208,,799.406,,,29.336,1899.506,,,85804.133,341.031,,84.341,14664.333,,198.018,462.042,32159.59,,,,29.336,16175.137,6758.281,81572.415,,2013.183,806.74,,5650.847,4742292.745,,33.003,63732.46,29.336,,15276.722,51.338,80.674,,865.412,199950.509,3744.007,9299.512
1978,9724.884,2159.863,5412.492,6494.257,,44814.407,102639.33,,,491.378,202015.03,57483.892,,102.676,135855.016,363.033,348.365,6017.547,81411.067,7766.706,6607.934,,,216.353,425.372,5027.457,176925.416,630.724,9541.534,11.001,832.409,146.68,415896.472,42218.171,22948.086,1462168.579,4818.438,2002.182,3538.655,322.696,41682.789,29.336,209.019,2922.599,30689.123,,91.675,2808.922,,,201.685,25.669,61117.889,5449.162,62529.684,10425.281,39313.907,,200493.225,,1371.458,51913.719,711.398,505858.983,399.703,,7561.354,605084.336,,2970.27,902.082,139.346,102.676,69.673,48081.704,51.338,392.369,4129.042,,2057.187,2049.853,,755.402,88187.683,93933.872,,283096.067,23571.476,162470.102,42317.18,1925.175,373234.594,9119.829,3641.331,903886.164,,5324.484,,51.338,22.002,33.003,113405.642,21000.909,231.021,5713.186,1507.137,21239.264,99.009,,3450.647,,,11848.077,,,13076.522,,,1019.426,22.002,222649.239,,,396.036,935.085,5155.802,,5782.859,,2874.928,583.053,630.724,671.061,23237.779,,1543.807,418.038,48294.39,2632.906,170548.503,34792.496,330.03,113.677,18008.637,7796.042,26138.376,2841.925,22460.375,37476.74,110.01,1675.819,432056.941,,108451.525,22742.734,1459.466,311.695,10531.624,193903.626,3330904.782,289.693,115132.799,3439.646,2629.239,33164.348,62.339,711.398,2390.884,,557.384,,,33.003,2394.551,,,79533.563,440.04,,77.007,15221.717,,194.351,355.699,35067.521,,,,36.67,15328.06,7491.681,77256.356,,2203.867,700.397,,5742.522,4890861.25,,36.67,68690.244,29.336,,15419.735,58.672,106.343,,949.753,202099.371,3476.316,9295.845
1979,10201.594,2240.537,5504.167,7587.023,,36607.661,110703.063,,,407.037,205069.641,61594.599,,110.01,140233.414,366.7,407.037,6648.271,79152.195,8133.406,6930.63,,,209.019,462.042,4737.764,188322.452,601.388,7440.343,22.002,942.419,102.676,442067.851,39911.628,24862.26,1494859.884,5423.493,1829.833,3755.008,348.365,44433.039,22.002,249.356,2794.254,31712.216,,91.675,3003.273,,,363.033,33.003,62999.06,6809.619,45621.147,12167.106,42947.904,,203745.854,,1848.168,54333.939,839.743,529155.434,480.377,,6754.614,644893.288,,2658.575,946.086,146.68,110.01,62.339,51293.996,47.671,572.052,4693.76,,1521.805,1932.509,,755.402,86229.505,95096.311,,296891.321,27388.823,164028.577,52991.817,1987.514,387466.221,8536.776,3795.345,955620.2,,5038.458,,29.336,25.669,36.67,133211.109,17667.606,223.687,6156.893,1947.177,26032.033,150.347,,3828.348,,,12123.102,,,15958.784,,,1133.103,29.336,240874.229,,,429.039,905.749,5100.797,,6299.906,,2643.907,605.055,660.06,638.058,27278.813,,1642.816,480.377,70289.056,1712.489,187812.739,34242.446,513.38,113.677,16475.831,7722.702,28250.568,3193.957,22273.358,38136.8,124.678,1796.83,442489.556,,110571.051,25030.942,1331.121,282.359,14359.972,196074.49,3358623.635,297.027,138135.89,3571.658,2900.597,36123.617,110.01,678.395,2390.884,,487.711,,,33.003,2295.542,,,84927.72,447.374,,121.011,22548.383,,201.685,1382.459,36736.006,,,,40.337,16725.187,8771.464,75576.87,,2071.855,674.728,,6277.904,4901796.244,,29.336,76570.627,29.336,,16281.48,62.339,95.342,,1045.095,218908.899,3604.661,9449.859
1980,10498.621,1760.16,5346.486,5170.47,,36904.688,108737.551,,,143.013,220746.066,52306.088,,146.68,135301.299,517.047,432.706,7638.361,77487.377,7887.717,7990.393,,,190.684,436.373,4668.091,187090.34,674.728,6882.959,22.002,986.423,106.343,443233.957,40538.685,25265.63,1467192.369,6222.899,3905.355,3501.985,407.037,44356.032,47.671,121.011,2464.224,31400.521,,161.348,3208.625,,,348.365,36.67,60369.821,6457.587,66519.38,13443.222,45239.779,,215003.544,,1822.499,58246.628,795.739,505363.938,421.705,,6633.603,579290.658,,2559.566,964.421,157.681,146.68,58.672,51429.675,47.671,564.718,4510.41,,1789.496,2057.187,,751.735,86860.229,94784.616,,314016.211,26255.72,120900.99,45558.808,1866.503,388969.691,8452.435,4726.763,947571.135,,6197.23,,286.026,29.336,51.338,134868.593,24675.243,187.017,6178.895,2042.519,26904.779,113.677,,3410.31,,,11026.669,,,15944.116,,,1617.147,44.004,268453.736,,,392.369,1023.093,5526.169,,6879.292,,3208.625,630.724,590.387,711.398,27997.545,,2002.182,572.052,68154.862,2027.851,177508.469,38052.459,542.716,124.678,17458.587,6046.883,32067.915,3124.284,24121.526,37000.03,157.681,1829.833,464575.897,,114439.736,26985.453,1492.469,293.36,13098.524,196617.206,3491017.003,495.045,169404.399,3747.674,3351.638,31433.524,102.676,608.722,2134.194,,814.074,,,40.337,2372.549,,,71759.523,465.709,,95.342,20802.891,,209.019,718.732,40135.315,,,,40.337,16937.873,9493.863,75763.887,,1884.838,627.057,,5837.864,4723209.677,,36.67,90802.254,29.336,,16820.529,62.339,99.009,,1195.442,228454.1,3531.321,9636.876
1981,9999.909,1983.847,5280.48,7341.334,,36857.017,102041.609,,,106.343,230360.94,56130.769,,157.681,124021.607,429.039,557.384,7931.721,80343.97,8525.775,2801.588,,,183.35,388.702,4792.769,171806.284,685.729,1470.467,25.669,1008.425,135.679,430003.421,38859.199,24554.232,1451501.276,4466.406,5342.819,3777.01,473.043,44458.708,47.671,33.003,2251.538,32749.977,,154.014,3047.277,,,300.694,36.67,51789.041,6167.894,46438.888,16692.184,50978.634,,207288.176,,1866.503,51510.349,1081.765,454700.666,440.04,,6574.931,560819.979,,3047.277,990.09,157.681,143.013,69.673,50721.944,58.672,528.048,3967.694,,1800.497,1822.499,,766.403,86618.207,100160.438,,338838.134,26039.367,112899.596,32122.92,1752.826,378020.029,7414.674,5863.533,929606.502,,6527.26,,300.694,29.336,55.005,139742.036,25214.292,150.347,6351.244,1939.843,28811.619,95.342,,4033.7,,,9427.857,,,15856.108,,,1026.76,47.671,284529.864,,,396.036,1144.104,5639.846,,6644.604,,2489.893,663.727,542.716,605.055,30824.802,,1393.46,685.729,65958.329,2141.528,164956.328,40329.666,454.708,124.678,16527.169,6017.547,34400.127,3340.637,24103.191,34664.151,157.681,1932.509,410062.275,,114799.102,27227.475,1389.793,330.03,12860.169,198153.679,3425062.341,601.388,175491.619,3641.331,3296.633,26849.774,135.679,693.063,1833.5,,275.025,,,44.004,2031.518,,,69430.978,436.373,,99.009,26637.088,,209.019,627.057,38048.792,,,,47.671,17260.569,9834.894,79874.594,,2123.193,528.048,,5375.822,4535800.308,,36.67,91968.36,44.004,,17726.278,51.338,102.676,,1360.457,257368.395,3366.306,9435.191
1982,11180.683,2101.191,4649.756,7308.331,,36871.685,103424.068,,,293.36,234119.615,53868.23,,157.681,117553.019,491.378,575.719,8599.115,90131.193,9838.561,2262.539,,,172.349,396.036,4349.062,172176.651,645.392,2093.857,33.003,1100.1,143.013,414811.04,36629.663,20615.874,1580260.647,6109.222,6343.91,3072.946,1345.789,45914.507,47.671,36.67,2086.523,34554.141,,161.348,3102.282,,,348.365,40.337,53695.881,6340.243,39269.903,19288.42,56523.138,,209906.414,,1481.468,43083.583,839.743,436893.714,458.375,,6556.596,548520.861,,3043.61,982.756,161.348,143.013,73.34,52148.407,62.339,517.047,3626.663,,1404.461,1763.827,,825.075,86871.23,105407.915,,349637.449,25547.989,138007.545,30623.117,1598.812,369681.271,6219.232,6292.572,900200.829,,4693.76,,337.364,25.669,66.006,141905.566,21169.591,157.681,6112.889,601.388,30762.463,113.677,,4499.409,,,8859.472,,,17058.884,,,1015.759,47.671,304837.71,,,366.7,1312.786,5599.509,,6761.948,,2541.231,883.747,502.379,594.054,30571.779,,1265.115,748.068,65602.63,2115.859,134322.21,41052.065,443.707,124.678,18239.658,5735.188,37385.065,3292.966,23670.485,34997.848,157.681,1947.177,422211.046,,117344,29255.326,1367.791,337.364,12354.123,195773.796,3489821.561,608.722,158091.704,3828.348,3054.611,29750.371,121.011,553.717,1767.494,,718.732,,,47.671,1873.837,,,62291.329,436.373,,84.341,24488.226,,205.352,733.4,37909.446,,,,44.004,18426.675,9526.866,86988.574,,2167.197,546.383,,4873.443,4306748.487,,40.337,93405.824,36.67,,18382.671,51.338,113.677,,1958.178,280749.187,3520.32,8811.801
1983,5746.189,2522.896,5115.465,7631.027,,35342.546,105213.564,,,84.341,225003.453,51983.392,,205.352,101630.905,454.708,594.054,8236.082,90365.881,8228.748,2016.85,,,172.349,451.041,4290.39,166632.147,685.729,2706.246,29.336,1030.427,146.68,408687.15,40069.309,20839.561,1667029.201,4840.44,6589.599,4026.366,1144.104,49449.495,47.671,36.67,2104.858,30843.137,,168.682,3098.615,,,348.365,40.337,50175.561,7913.386,52625.117,19556.111,57091.523,,204867.956,,1844.501,41576.446,715.065,422603.415,487.711,,5518.835,545741.275,,3655.999,953.42,161.348,143.013,62.339,55544.049,62.339,363.033,3179.289,,1246.78,2002.182,,894.748,89137.436,104956.874,,378669.088,25709.337,149785.949,38749.189,1547.474,361364.515,6450.253,7363.336,883838.675,,4660.757,,366.7,22.002,51.338,150904.384,21609.631,179.683,7319.332,711.398,30414.098,102.676,,4884.444,,,8291.087,,,17795.951,,,652.726,51.338,278442.644,,,418.038,997.424,5775.525,,6996.636,,1976.513,938.752,597.721,575.719,37971.785,,1155.105,964.421,59929.781,2002.182,138256.901,37498.742,495.045,124.678,17964.633,7532.018,40303.997,3494.651,20450.859,35415.886,157.681,2009.516,422339.391,,125668.09,30179.41,1415.462,421.705,11268.691,200562.898,3539850.442,696.73,161050.973,3909.022,2632.906,34997.848,143.013,689.396,1903.173,,935.085,,,55.005,1375.125,,,58297.966,271.358,,99.009,27960.875,,205.352,546.383,42452.859,,,,47.671,16303.482,11305.361,90541.897,,2218.535,616.056,,3817.347,4341878.347,,47.671,93101.463,40.337,,19317.756,55.005,113.677,,2489.893,292230.564,3270.964,10461.951
1984,14348.971,2830.924,5009.122,7825.378,,46394.884,106522.683,,,146.68,236594.84,54550.292,,220.02,105422.583,502.379,465.709,9123.496,87366.275,9207.837,1855.502,,,172.349,443.707,4041.034,168806.678,748.068,1917.841,51.338,1045.095,150.347,425595.687,39174.561,22200.018,1814908.31,5405.158,6057.884,3964.027,1140.437,48980.119,47.671,84.341,2002.182,32603.297,,183.35,3182.956,,,352.032,44.004,50861.29,7444.01,71103.13,21257.599,63838.803,,198953.085,,1664.818,42254.841,583.053,405342.846,498.712,,5995.545,529335.117,,2581.568,979.089,172.349,161.348,80.674,57054.853,62.339,568.385,3421.311,,1404.461,1987.514,,913.083,90853.592,112184.531,,388118.947,25529.654,150658.695,40204.988,1815.165,367649.753,5144.801,8353.426,940130.792,,4319.726,,410.704,22.002,51.338,163911.233,28367.912,183.35,7051.641,700.397,28624.602,113.677,,3883.353,,,8929.145,,,17814.286,,,869.079,58.672,277624.903,,,436.373,1364.124,6571.264,,6450.253,,1536.473,872.746,627.057,557.384,34697.154,,1206.443,993.757,69625.329,1851.835,145055.519,40458.011,704.064,124.678,19295.754,8060.066,42856.229,2882.262,20692.881,30993.484,157.681,2046.186,433894.108,,135220.625,29064.642,1496.136,458.375,12332.121,189272.205,3571709.338,634.391,155715.488,3505.652,3307.634,33402.703,143.013,616.056,1606.146,,715.065,,,51.338,1554.808,,,57333.545,333.697,,99.009,33091.008,,216.353,608.722,45973.179,,,,47.671,17535.594,11547.383,95796.708,,2368.882,583.053,,3450.647,4475192.132,,66.006,93218.807,40.337,,17550.262,55.005,113.677,,2948.268,315948.72,2819.923,9922.902
1985,16794.86,3509.319,4701.094,7880.383,,49926.205,100596.811,,,249.356,241229.928,54700.639,,231.021,104472.83,744.401,476.71,10234.597,89540.806,10194.26,1510.804,,,190.684,451.041,4125.375,181248.809,847.077,2596.236,62.339,1158.772,161.348,422079.034,39827.287,21503.288,1966553.428,7326.666,6475.922,3641.331,1279.783,48378.731,47.671,84.341,2266.206,32577.628,,190.684,3102.282,,,359.366,47.671,60072.794,7293.663,72786.283,19431.433,63937.812,,201233.959,,1815.165,49665.848,579.386,400880.107,517.047,,6318.241,559855.558,,3325.969,993.757,172.349,172.349,66.006,60600.842,62.339,509.713,3523.987,,1419.129,1906.84,,942.419,86104.827,121245.688,,426673.785,26725.096,160768.614,44675.061,1628.148,372134.494,5045.792,8540.443,915396.877,,3769.676,,418.038,22.002,51.338,178333.544,29159.984,205.352,8056.399,722.399,31418.856,128.345,,3956.693,,,9167.5,,,17865.624,,,1056.096,66.006,288501.225,,,407.037,1199.109,6710.61,,9028.154,,1147.771,656.393,707.731,557.384,36237.294,,1455.799,997.424,69893.02,1991.181,147948.782,40714.701,678.395,124.678,21803.982,8661.454,47175.955,2629.239,19512.107,28048.883,161.348,2126.86,445899.866,,144897.838,27407.158,1551.141,586.72,12405.461,194343.666,3851989.149,616.056,172653.361,4074.037,2676.91,33417.371,150.347,663.727,1987.514,,858.078,,,55.005,1598.812,,,62394.005,440.04,,150.347,29651.362,,179.683,550.05,48672.091,,,,47.671,20755.22,11939.752,106717.034,,2357.881,619.723,,3296.633,4492555.377,,66.006,101278.873,47.671,,21165.924,121.011,113.677,,3157.287,324214.138,2753.917,10263.933
1986,179.683,3142.619,4660.757,8056.399,,47234.627,104212.473,,,249.356,239964.813,54080.916,,234.688,102874.018,685.729,480.377,11463.042,91528.32,11012.001,1411.795,,,205.352,421.705,3777.01,198883.412,916.75,2299.209,55.005,1067.097,161.348,405053.153,42295.178,22247.689,2068969.071,5966.209,1994.848,3377.307,1067.097,49101.13,44.004,58.672,2607.237,33567.718,,201.685,3545.989,,,377.701,47.671,58903.021,8181.077,76277.267,15276.722,74564.778,,190467.647,,2214.868,53329.181,605.055,385614.386,491.378,,4968.785,568777.369,,3047.277,997.424,161.348,183.35,80.674,59130.375,66.006,326.363,3700.003,,1045.095,1848.168,,843.41,83537.927,121740.733,,457571.927,28525.593,148399.823,47751.674,1785.829,366454.311,4550.747,9281.177,915334.538,,4162.045,,432.706,18.335,58.672,182451.585,35320.544,209.019,7759.372,729.733,34059.096,132.012,,3703.67,,,9009.819,,,18881.383,,,1140.437,80.674,294559.109,,,381.368,1485.135,6791.284,,9673.546,,982.756,374.034,799.406,553.717,39984.968,,1404.461,902.082,73505.015,2262.539,145095.856,47076.946,704.064,161.348,22893.081,9875.231,49453.162,2753.917,21847.986,29207.655,161.348,2064.521,453369.545,,157504.984,30520.441,1664.818,605.055,13296.542,202147.042,3862509.772,597.721,204878.957,4250.053,2662.242,35027.184,154.014,674.728,1991.181,,924.084,,,51.338,1760.16,,,62038.306,458.375,,165.015,31352.85,,187.017,707.731,49702.518,,,,47.671,17385.247,12064.43,116881.958,,2299.209,704.064,,3179.289,4495463.308,,66.006,109529.623,55.005,,23091.099,58.672,113.677,,3153.62,330855.075,2889.596,13127.86
1987,447.374,3124.284,5815.862,7444.01,,47693.002,114942.115,,,275.025,256106.947,57744.249,,249.356,103116.04,539.049,517.047,11862.745,91634.663,11430.039,1422.796,,,227.354,572.052,4030.033,207530.198,942.419,3318.635,102.676,1239.446,260.357,431349.21,40252.659,22673.061,2209708.531,7682.365,1844.501,3854.017,1323.787,50487.256,47.671,80.674,2757.584,33952.753,,216.353,4121.708,,,388.702,47.671,58341.97,9754.22,84120.98,15115.374,74810.467,,190878.351,,2581.568,57656.241,476.71,377491.981,498.712,,4022.699,571868.65,,3285.632,993.757,179.683,194.351,99.009,63472.103,73.34,234.688,3993.363,,1309.119,2174.531,,913.083,84436.342,123372.548,,488481.07,30197.745,159573.172,52881.807,1851.835,383670.876,5383.156,9662.545,905734.332,,5174.137,,436.373,22.002,55.005,192660.513,31470.194,212.686,7968.391,766.403,32566.627,146.68,,4074.037,,,8668.788,,,20117.162,,,1287.117,80.674,307356.939,,,359.366,1855.502,4976.119,,10586.629,,982.756,3285.632,931.418,546.383,40762.372,,1459.466,1001.091,59343.061,2438.555,152569.202,40707.367,872.746,157.681,24110.525,9464.527,53534.533,3201.291,25782.677,32683.971,161.348,2335.879,465353.301,,176423.037,31536.2,1892.172,608.722,11499.712,212165.286,3847244.051,616.056,190706.002,3351.638,2453.223,32599.63,161.348,498.712,2449.556,,993.757,,,51.338,1760.16,,,59717.095,436.373,,201.685,36226.293,,198.018,766.403,56944.843,,,,55.005,17520.926,11749.068,129907.142,,2390.884,770.07,,3560.657,4688373.177,,77.007,110981.755,62.339,,25969.694,47.671,113.677,,3355.305,329025.242,2702.579,15240.052
1988,612.389,2867.594,5130.133,7326.666,,48367.73,121473.042,,,286.026,261145.405,53340.182,,227.354,100354.789,553.717,553.717,13545.898,87289.268,12163.439,1540.14,,,249.356,645.392,4308.725,209363.698,946.086,5716.853,110.01,1301.785,231.021,456053.789,40711.034,26926.781,2369501.723,9160.166,2200.2,4019.032,1499.803,52445.434,51.338,73.34,2940.934,35635.906,,223.687,4129.042,,,348.365,55.005,55107.676,9834.894,83948.631,17271.57,74531.775,,199033.759,,2673.243,52185.077,553.717,372207.834,528.048,,4334.394,570464.189,,3450.647,1026.76,183.35,216.353,106.343,67989.847,95.342,546.383,4125.375,,1404.461,2504.561,,1023.093,78264.781,132162.347,,527563.956,29842.046,176115.009,67927.508,1848.168,389780.098,4528.745,9314.18,989081.575,,4789.102,,451.041,22.002,66.006,221959.843,32914.992,212.686,7660.363,817.741,36398.642,165.015,,3490.984,,,8929.145,,,21176.925,,,1290.784,95.342,307067.246,,,385.035,2013.183,4118.041,,11595.054,,1012.092,3230.627,854.411,542.716,42724.217,,1507.137,990.09,70747.431,2247.871,146914.688,42482.195,993.757,157.681,25397.642,10586.629,58213.625,2929.933,25107.949,37729.763,183.35,2200.2,445976.873,,201908.687,32925.993,2163.53,572.052,11928.751,212777.675,3950345.423,696.73,202554.079,4847.774,2742.916,36105.282,157.681,458.375,2471.558,,1008.425,,,47.671,1877.504,,,57443.555,436.373,,198.018,36945.025,,66.006,792.072,67003.424,,,,69.673,15867.109,12464.133,126309.815,,2288.208,865.412,,4807.437,4892526.068,,66.006,116097.22,66.006,,23182.774,66.006,113.677,,3406.643,343055.184,3142.619,16101.797
1989,649.059,2775.919,5009.122,8984.15,,54487.953,117090.977,,,286.026,277771.583,54117.586,,267.691,107461.435,630.724,821.408,13454.223,86739.218,11738.067,1947.177,,,300.694,781.071,4994.454,214024.455,990.09,6347.577,62.339,1430.13,249.356,463274.112,39467.921,32386.944,2408540.605,8522.108,7634.694,4393.066,1507.137,53233.839,51.338,80.674,2973.937,35738.582,,256.69,4341.728,,,388.702,58.672,48785.768,10366.609,80046.943,20267.509,72181.228,,226671.938,,2827.257,52584.78,630.724,390649.177,579.386,,5771.858,581721.879,,3344.304,1045.095,179.683,231.021,117.344,74183.41,102.676,473.043,4246.386,,1184.441,2728.248,,1037.761,76090.25,130966.905,,579008.299,30018.062,191204.714,73251.992,1903.173,408907.17,6728.945,9233.506,1025549.89,,5192.472,,451.041,22.002,66.006,235846.772,35885.262,231.021,8052.732,667.394,37322.726,165.015,,3483.65,,,9658.878,,,22918.75,,,931.418,124.678,361877.895,,,418.038,2170.864,4462.739,,10568.294,,1041.428,2849.259,1052.429,564.718,49882.201,,1646.483,1041.428,42441.858,1477.801,163100.826,49379.822,913.083,157.681,25404.976,10065.915,60956.541,2522.896,21840.652,39141.558,227.354,2035.185,423787.856,,214636.844,41209.746,2244.204,542.716,14326.969,214141.799,3862616.115,689.396,203738.52,3758.675,3696.336,41888.141,161.348,374.034,2588.902,,957.087,,,47.671,1855.502,,,55533.048,436.373,,234.688,34565.142,,102.676,836.076,78891.838,,,,69.673,16142.134,13234.203,139316.664,,2207.534,803.073,,4880.777,4955081.421,,77.007,108854.895,66.006,,17509.925,62.339,121.011,,3498.318,341108.007,2603.57,16186.138
1990,,2960,6330,6050,410,55400,99840,19850,,210,263600,58270,57520,190,109310,380,590,11520,73560,10740,1780,23970,99850,330,,5680,198260,980,3920,130,2810,160,419120,43330,30410,2173360,2710,2900,3180,840,48860,70,100,2870,35410,,,4560,150200,955310,330,60,52080,7860,67890,15600,86820,0,215020,35020,2310,54560,730,356540,,0,4130,556690,33490,2790,1000,190,170,60,75620,110,,3930,,1180,2460,20330,1020,67420,147990,,562480,31000,179240,64850,1950,405260,7470,9930,1092560,237570,6140,22760,1260,20,110,249250,29250,510,5620,450,36090,170,200,3840,1390,32220,11320,18780,,21730,,30530,890,160,267700,0,8590,420,2320,4190,0,12970,,1120,840,1160,720,56190,,,600,67850,1930,148350,29200,940,130,22310,11890,61050,2690,20630,40840,0,2170,350220,,123370,41070,2070,,12540,172630,2164870,520,166390,5370,2330,29720,150,340,2380,,730,61910,0,50,1740,54810,13530,53350,950,,150,29570,,390,970,88560,11020,44650,0,80,14110,13750,139220,10,1890,790,688620,3850,4844990,117770,80,103120,,,18410,70,110,,6640,247660,2740,16530
1991,,2740,6530,4110,410,61500,105320,20690,,220,264710,62420,67030,230,113960,330,600,10830,58610,10350,1880,21440,96240,430,,5770,205180,980,3380,170,2740,150,412930,45670,29560,2302190,2790,2650,1740,3080,50580,70,100,3060,27430,,,5070,136900,932370,340,60,62730,8230,66940,16160,89390,0,222210,31360,2330,55130,730,380690,,0,4350,570340,25510,2560,1020,200,170,70,75820,120,,4030,,1150,2460,14630,1000,64550,161840,,607340,31510,217670,46770,1910,404070,7400,9780,1105660,247530,5890,20420,1300,20,110,274040,35750,550,7040,370,33320,180,210,3980,1450,34290,11780,17200,,23450,,24600,950,160,286100,0,8380,430,2210,4120,0,14760,,940,860,1250,790,63330,1120,,570,75570,1920,154470,27260,1180,130,22610,16100,60310,3130,19750,40360,0,2180,351630,,117350,42770,2020,,14610,142380,2141420,470,186610,4800,2330,31290,160,360,3060,,700,52200,0,50,2020,47940,12740,54240,940,,180,32110,,400,920,97670,10170,37790,0,90,13000,14420,143820,10,1860,810,651930,4370,4808090,118590,90,102390,,,18310,70,110,,8500,242330,2880,18300
1992,,1430,6370,2240,410,59640,107350,10890,,290,268360,57670,44620,200,112330,360,610,11820,55130,12270,2530,15970,87780,500,,6820,208660,1180,3590,200,3300,150,426000,45700,31490,2418180,2770,2530,1480,3010,53210,70,110,4150,22090,,,5430,134140,892750,340,80,57010,9620,66160,17210,92300,440,232480,23780,1520,52280,760,368660,,110,4610,552980,20070,3080,1050,200,180,70,78180,160,,4830,,1080,2740,14960,900,58000,170910,,630260,31590,233400,67390,1950,402270,8150,11920,1117470,255650,5950,13800,1350,20,150,296210,23010,590,7020,400,30300,270,210,5250,1500,19980,11460,13970,,25260,,20320,960,230,289760,80,8590,450,2170,4290,0,12860,,1100,890,1320,790,68870,1220,,530,86400,2240,153260,30450,1230,120,24390,14900,66920,3640,20690,43730,200,2180,343370,,104700,46770,2470,,14680,125990,2005430,480,199350,4530,2570,32180,170,460,3350,,680,48900,0,40,2030,46100,12830,56750,830,,180,31400,,410,750,107440,7670,28100,0,80,11930,15180,149830,10,1860,820,574640,4770,4880200,113070,120,104750,,,19310,60,120,,9130,238820,2850,18470
1993,,1360,6900,2070,410,62150,111030,5040,,250,272360,57800,53520,210,110110,420,620,12570,55670,13070,2100,13400,76240,460,,7820,215180,990,3870,170,3250,160,422680,43450,32300,2643530,2960,6660,1430,2990,55780,70,110,4180,20090,,,5690,130980,887010,340,80,59290,9520,73470,16140,91830,630,218110,18320,1940,53460,750,349530,,110,4700,540520,16090,3190,1080,210,190,990,78090,150,,5110,,1090,2910,15490,700,58380,185480,,652470,31720,231280,88770,1980,396930,8320,12200,1109660,218350,5860,10110,1380,30,140,326630,29260,610,10330,420,30840,260,210,5090,1540,15740,11670,11760,,25980,,17410,1000,200,300830,90,8890,460,2810,4810,0,11850,,1290,910,1470,880,71190,1420,,600,84410,2200,158270,32030,1410,110,23910,14080,73740,3800,21540,47460,200,2210,344020,,96710,45790,2820,,15490,117640,1821790,480,206210,3190,2500,37370,180,460,3920,,640,43210,0,50,2040,44320,13560,56510,730,,190,30760,,410,630,122060,5160,26630,0,90,12470,16520,155630,10,1910,820,499320,4490,5000350,113740,120,110140,,,24250,60,120,,8120,246430,2520,17080
1994,,1300,6690,2140,410,68290,113810,2740,,250,278670,58290,47580,210,114900,400,620,13540,53520,13370,2040,3160,64670,450,,9040,222720,1030,4140,190,3080,160,438820,42590,35380,2763900,3090,7290,1280,2780,56430,70,110,4850,21610,,,5930,124710,875810,330,80,63190,11140,71550,17030,86430,730,228460,17880,2260,59930,750,344480,,110,4440,535390,10440,3460,1120,210,180,990,79730,160,,5430,,1410,3270,14830,190,57780,196930,,687950,32910,261180,99730,2090,392290,8380,12990,1162940,196060,5870,6550,1470,30,150,353230,33750,630,11270,420,35910,280,200,5770,1580,14810,10840,10220,,28130,,14140,1210,200,325980,90,8590,470,2510,5650,0,10320,,1100,950,1510,910,77000,1640,,580,80530,2530,157420,33670,1740,110,24280,13810,76250,4040,22360,51500,200,2050,339750,,88760,47300,3340,,16250,115090,1612870,460,218790,4660,2610,39240,190,480,4460,,630,39640,0,50,2040,41700,13610,58490,1040,,210,31880,,420,910,136220,3030,32870,0,90,13020,16650,153930,10,1910,730,415670,4270,5073230,107170,140,110330,,,26750,60,120,,8480,252010,2140,15960
1995,,1250,10780,1950,430,72640,113810,3510,,270,289010,61180,45770,220,114570,460,640,16550,54690,13540,2080,3370,57530,460,,8320,241500,1070,4500,230,3190,160,449500,43440,38250,3084870,3260,7110,1240,2930,59060,80,120,4810,23080,,,5800,125180,873090,330,100,59920,11850,73050,19780,91870,800,240580,16230,2570,56090,760,352280,,120,4610,524290,8180,3710,1160,220,180,1000,82840,170,,6350,,1530,3880,15400,900,57430,222840,,741100,33520,272400,96100,2000,416420,8680,13600,1172790,172480,6370,4600,1510,30,150,384310,33800,670,13300,420,37490,310,200,5820,1610,13740,8680,9000,,29200,,12140,1370,260,306520,90,8570,470,2380,6940,0,10280,,1170,1000,1550,910,83880,1770,,560,81540,2650,164340,33100,1890,110,24380,15600,82730,4360,25400,61800,200,2130,340000,,83420,50690,3780,,17020,120730,1564900,450,222400,4470,2760,38880,200,250,4960,,590,45340,0,50,2060,42370,14470,58230,1000,,200,33690,,440,980,154760,2510,33430,0,100,13160,17040,168260,10,2730,960,399250,4690,5126900,96130,150,116940,,,30320,70,120,,9870,264190,2130,15480
1996,,1180,11410,1970,450,75810,126560,2570,,280,299590,64900,40380,220,119450,1050,720,16820,55060,14170,1970,4190,58480,360,,8120,262900,1070,4710,280,2920,170,463160,44010,44060,3064880,3880,6340,1250,2800,58850,80,140,4530,25030,,,6160,126740,902750,340,80,73300,12730,71410,22490,96770,870,230100,17210,2870,62570,820,367960,,120,4720,544660,6360,4090,1230,220,180,1510,82760,190,,6190,,1580,3930,15340,1060,58460,234480,,776720,34980,280240,98220,2270,412150,9040,13870,1186230,149900,6970,5770,1610,30,150,408880,32940,750,14120,430,39400,320,210,8360,1640,14230,8760,9010,,28890,,10400,1310,280,326080,90,10110,490,2320,7310,0,8690,,1160,1060,1610,910,95710,1920,,640,87180,2820,173920,34050,1960,100,25500,15820,85820,4410,27740,67490,200,2230,355320,,74010,48740,3720,,17910,123950,1534380,460,234090,4260,2930,39860,210,300,4390,,570,52690,0,50,2080,42170,15290,63650,780,,240,36810,,450,1360,173590,2240,29690,0,80,13300,17600,185450,10,3070,1070,346110,5450,5283110,97100,150,130630,,,34170,90,130,,10080,273980,1760,14860
1997,,1100,11730,1480,470,81450,127320,3340,,300,306770,64220,39470,230,116640,1240,820,18970,53370,14420,1770,8490,59050,460,,8280,281510,1170,5090,370,3070,170,478530,42750,50560,3128650,4790,6590,1200,3340,63590,80,150,4490,27400,,,6250,124790,870900,350,100,63720,14500,72830,23550,103960,830,248610,16830,3060,60620,800,359140,,130,4830,522330,5520,4290,1290,230,200,1630,83760,200,,6550,,1720,4070,17050,1270,56990,257670,,821480,36150,291410,115790,2150,415520,9200,14370,1173990,126810,6640,5690,1700,30,160,430480,34050,790,16130,450,38940,320,220,8340,1670,13920,8270,8530,,30330,,9580,1420,340,349230,90,9040,530,2470,7250,0,8520,,1290,1050,1620,950,102500,1970,,650,83540,3020,166480,35810,2190,100,27820,17240,89320,4640,27950,75330,200,2400,344630,,67520,50930,4110,,19450,113420,1427060,480,214930,5190,3210,39500,210,230,5320,,550,57270,0,50,2100,42270,15730,57380,1110,,350,37150,,460,760,176750,2510,29940,0,90,13770,18180,193590,10,2890,1130,328250,5560,5547990,98450,160,135930,,,40140,90,130,,10850,288920,2280,13830
1998,,1050,11370,1800,490,83850,133170,3470,,330,327660,64670,39390,230,119410,1300,880,19250,50590,15510,2270,10760,57230,450,,8610,290760,1270,4310,360,3680,230,486760,44250,51410,3232120,4830,6760,1330,3230,64090,90,160,5020,26950,,,6550,118920,863140,350,110,59740,16610,74540,23380,109270,610,256220,16260,3230,57270,780,381180,,130,4930,525030,4990,6100,1360,250,170,1610,87130,230,,8290,,1750,4710,18470,1310,57350,261140,,839830,38670,292830,81460,2150,426370,9720,14610,1131250,130320,7160,6030,1940,30,180,365670,39890,820,16250,490,39900,360,230,8610,1710,14710,7590,8130,,31050,,8650,1630,310,373120,100,9880,770,2370,7910,0,8550,,1240,990,1790,920,103040,2020,,700,76640,3520,166920,37530,2320,100,27340,17280,90170,5720,26640,74930,200,2650,318410,,60940,55600,4270,,20810,99390,1418510,480,230410,4710,3600,37990,220,260,5670,,520,57300,0,50,2100,41400,15500,58360,1140,,440,40050,,470,1200,155690,2760,30590,0,100,14100,18920,193850,10,2690,1290,309290,5780,5590700,113730,190,132520,,,44870,80,140,,11730,296510,2170,14070
1999,,820,12650,2970,510,86000,134190,3110,,330,333040,63050,38780,230,115510,1420,930,20110,44300,15450,2230,10520,54980,410,,7960,300620,1300,4190,360,3860,240,495140,44530,53770,3149200,6690,6520,1320,2950,55870,90,190,5040,27830,,,6810,111950,833350,350,110,56960,17790,77540,20720,114670,650,278310,15200,3180,56510,800,375000,,130,4820,522360,4520,6580,1430,260,190,1820,87400,220,,8200,,1740,4780,18510,1380,57910,278990,,904090,40280,326410,64610,2120,433010,9980,14630,1165890,118250,7490,4790,1910,30,180,400940,43730,850,17030,400,38060,370,230,9500,1720,12250,7950,7550,,32600,,7350,1670,430,360470,100,9140,800,2410,9040,0,8610,,1230,1110,2200,960,111820,1980,,680,74660,3540,161640,39370,3120,90,28710,20430,98750,5010,28840,72430,200,2600,308980,,66580,62210,4270,,22950,85500,1456150,500,234530,5180,3960,38470,230,150,5610,,500,40780,0,50,2120,40660,14910,57270,1220,,520,39280,,490,1710,162500,2540,35770,0,110,14210,19840,192870,10,2520,1320,305730,6780,5610300,114940,190,127480,,,45170,90,140,,13170,278470,1760,15820
2000,,770,12370,3170,520,84540,131910,3560,,330,338810,63530,40010,260,117280,1530,1050,21650,43330,15880,2140,13950,52990,450,,8000,312670,1240,4430,370,4030,240,515000,43710,49820,3344090,6330,6700,920,2860,58220,100,220,4950,28200,,,7070,123170,830080,370,130,52710,18660,78590,21370,112860,640,293310,14820,3560,55100,850,373240,,130,4670,530120,4770,5740,1490,240,150,2350,94460,210,,9420,,1660,5040,18050,1470,54630,280170,,940170,42620,340750,74570,2230,436300,10060,16270,1182950,114680,8230,4670,1960,40,190,455690,47170,900,15670,430,39870,360,220,10930,1750,10510,8580,6930,,33290,,6710,1650,460,384480,100,8820,1410,2130,9600,0,9000,,1430,1120,2430,880,121650,1940,,670,76070,3770,162300,34080,3220,90,29500,22540,98370,5280,28430,73190,210,2820,295710,,71820,61660,3520,,21730,88880,1489500,520,244340,5550,4060,42580,240,400,5630,,490,43990,0,50,1480,38070,14540,53280,1130,,580,39530,,510,1270,163140,2200,36850,0,100,14360,20930,216620,10,2950,1330,297380,5460,5776410,121690,160,134390,,,50310,90,150,,13890,284730,1810,13700
2001,,810,12910,3220,520,96260,124870,3600,,350,344960,67910,38720,210,118340,1840,1020,25780,46180,16390,2130,13760,51740,530,,7890,319560,1320,4310,360,3870,250,506940,45160,47870,3526750,6260,6330,790,2990,58560,110,250,5420,27190,,,6930,122720,847500,380,150,53850,18970,74770,23420,125010,700,294790,15290,4400,61090,1080,376860,,150,4580,544480,3520,6210,1570,310,150,2730,96610,230,,9810,,1640,5850,19200,1600,56300,301830,,953880,44910,351010,84300,2160,436570,10080,16250,1170620,111870,7610,3970,2150,30,210,470520,50820,1000,16890,450,41430,420,210,10850,1770,11150,9140,7360,,36920,,7020,1670,480,382760,110,8990,1610,2490,8510,0,8970,,1410,1180,2570,880,126770,2460,,660,85150,3930,167400,34780,3470,80,31720,25280,99810,6220,26360,71670,220,3380,293600,,74390,61380,3620,,23490,94110,1490530,520,248600,6090,4450,42270,250,430,5870,,510,46170,0,50,1520,38580,15380,52500,1080,,640,41300,,520,1180,171830,2150,38090,0,100,15430,21650,197780,10,3130,1350,300550,4950,5749250,122740,210,137290,,,55920,90,150,,15080,320600,1830,13900
2002,,1100,13620,3750,530,98120,117470,3120,,390,352890,69370,38130,220,110850,2120,1020,27430,43630,17220,2280,14560,51770,520,,8230,317280,1370,4360,400,4030,250,525470,43570,48690,3808330,6380,6220,880,2800,56430,110,280,5520,25960,,,7110,118530,833180,400,120,53980,20870,80410,23590,127740,680,312750,14860,4570,63440,920,371170,,140,4330,530230,2960,7420,1630,300,150,4030,96600,240,,10470,,1620,6130,20280,1830,55630,306060,,987530,44040,368720,79410,2240,443470,10250,16870,1206970,121460,7420,4970,2210,40,230,461940,53390,1110,16840,450,43600,380,220,11380,1800,11220,9840,7350,,38270,,7180,1120,610,388740,120,8430,1400,2320,8430,0,9600,,1570,1270,2610,860,136330,2130,,700,86110,4060,167500,34470,2790,80,31580,26940,102300,5410,27550,72940,220,3610,287280,,71200,65610,3780,,27600,93590,1491720,520,266910,7540,4580,41370,260,530,5940,,570,49710,0,60,1120,38080,15520,54020,1070,,540,41990,,530,1340,182810,2130,39910,170,100,16020,21730,208120,10,3570,1540,303940,4530,5594160,125390,230,145580,,,66280,80,160,,15140,331420,1920,12490
2003,,1350,18010,4110,530,103530,128360,3500,,410,351990,74460,34340,170,115500,2380,1100,28630,47890,17960,2250,14860,52550,510,,9110,309350,1380,5250,360,3920,240,545360,44840,49910,4413300,5150,6100,1070,2940,56020,140,310,5800,25230,,,7770,122770,836550,410,140,59340,18720,83840,23960,131240,690,318660,16830,5020,71710,1080,376840,,160,4390,542080,3160,7130,1700,300,200,5160,100220,250,,10540,,1620,6770,21610,1810,58230,335370,,1015890,44220,390680,72080,2230,462200,10590,17310,1215780,136300,6530,5590,2380,50,230,464610,55630,1150,17410,480,44280,430,230,12410,1820,11230,10260,7590,,38210,,7770,1550,530,407000,110,9210,1400,2610,10870,0,9310,,1910,1300,2750,880,143810,2270,,760,88680,4530,170460,37120,3020,70,33440,27670,105660,5530,26940,74770,220,4070,297700,,72740,60520,3940,,28910,99620,1522190,510,278110,7750,4490,38220,270,580,6510,,580,53100,0,70,1230,38340,15420,55200,1000,,550,42280,,760,1830,190850,2170,44410,170,120,15320,21870,219160,10,3760,1620,330230,4490,5659630,118310,230,138100,,,70460,90,160,,17400,353110,2090,10180
2004,,1130,19290,4290,560,109980,141850,3760,,400,365270,75800,34090,160,114020,2530,1130,30530,47180,17930,2160,15570,55770,440,,9420,326760,1360,4920,310,3970,240,537250,45280,54730,5121830,5420,6540,1170,2860,56220,150,340,5940,24970,,,7710,123440,820830,400,160,53890,17250,84890,25420,142690,680,335560,16920,5330,67680,1460,377950,,160,4430,542320,3370,6620,1770,320,210,7250,99850,230,,10750,,1670,7610,21110,1670,56390,343160,,1087190,44860,419710,75290,2320,472410,10570,18580,1211090,150220,7430,5560,2380,50,240,484900,59490,1210,17880,560,45490,420,230,12870,1870,11910,11680,7620,,42170,,7780,1650,740,414190,130,8920,1480,2600,10510,0,9560,,1910,1410,2770,910,157470,2380,,790,88630,4500,172160,37460,2810,70,32870,27520,118650,5610,31300,76320,230,4910,301820,,74320,62130,3970,,31910,96730,1534120,520,294210,8510,5390,39620,310,570,6680,,580,57550,0,70,1390,37440,15710,53590,990,,750,44680,,770,1780,208810,2580,46820,200,130,15970,22830,224600,10,5100,1770,307140,5460,5740030,121430,250,142740,,,84460,70,170,,18400,379970,2110,9770
2005,,1640,18210,4070,580,116280,146320,4460,,410,369510,76240,36650,160,110610,2780,1150,32710,47880,20700,2020,16230,56480,470,,10070,330510,1420,4820,410,4280,240,549970,45850,55720,5819120,5810,6610,1490,4820,57910,140,440,6270,25860,,,7870,120000,802170,430,160,50270,18660,88990,27150,160590,600,350500,17120,5050,55460,1280,380820,,160,4630,540600,4240,7020,1840,340,210,8090,101950,250,,11520,,1480,7030,21470,1710,55960,344400,,1137740,46780,451200,88230,2290,473830,10560,19870,1213820,162480,8330,5300,2640,70,220,480080,67250,1260,17280,670,49130,380,230,13980,1900,12830,11940,7720,,44490,,8180,1710,710,432390,140,9360,1650,2620,11080,2010,11060,,1710,1450,2960,910,166410,2530,,760,98440,4300,167970,36370,3190,70,34260,27870,121670,7120,31350,78100,260,4880,301350,,77590,65470,3700,,41280,95810,1530850,510,308970,10060,5670,36900,340,480,6840,,580,51510,0,80,1690,38520,15930,50210,1010,,700,55600,,800,1750,216110,2450,48360,210,130,19670,23140,235010,10,5680,2230,295410,5410,5756080,114810,250,157570,,,92040,70,190,,19380,377640,2290,10510
2006,,1940,20340,4050,550,121460,155370,4490,,440,375060,74100,34170,190,108650,3830,1400,35900,48970,22500,2020,17910,58810,510,,11160,333980,1470,7220,400,4090,260,541070,45480,57050,6431910,5630,6950,1600,4950,57720,150,500,6560,26300,,,7940,120600,814160,430,170,58210,20320,93750,29110,169130,520,341780,15890,5400,67020,1370,371600,,140,4040,541640,4700,8430,1900,360,220,9160,100700,260,,11510,,1330,8030,21620,1720,55460,364100,,1214250,47810,490770,83890,2330,466650,12060,20170,1190260,180210,9300,5320,2950,70,230,486940,69670,1640,16230,690,49370,410,230,12410,1920,13020,11740,8200,,46190,,7980,1640,870,449710,140,9370,1890,2650,10210,2180,12420,,1860,1460,3300,930,172680,2540,,750,92200,4510,163710,37360,2620,50,34310,37520,132480,7490,31080,70810,250,4740,314090,,78940,60450,3830,,44980,98940,1590090,510,328350,12440,5570,37170,330,630,7230,,580,53760,0,80,1530,37880,16310,48900,1010,,740,58830,,820,1570,218090,2670,49730,200,150,22220,24070,261090,10,6060,2600,303990,6330,5656580,121930,250,149890,,,95760,70,190,,19410,379560,2180,9830
2007,,2360,23490,4220,540,131690,163630,5200,,460,385370,71240,27510,190,104590,4390,1680,37990,52620,23010,2070,18890,57350,530,,12040,351520,1480,6840,390,4320,260,571310,43540,64740,6988210,5550,8120,1750,5130,59190,120,460,7600,27200,,,8240,123630,783600,470,180,53400,20580,100520,29580,182230,510,354680,19850,6070,65100,1260,362910,,140,4050,529160,5630,9050,1980,400,230,7550,104310,280,,12410,,1600,8610,22890,2040,53860,379980,,1336100,47020,523740,77470,2380,459370,12020,21090,1226360,189110,9370,6470,3600,60,250,501500,68740,1730,15050,640,46290,320,200,13590,1960,13210,11140,8530,,47730,,8140,1720,870,462410,140,9810,2070,2710,10520,2100,13020,,2230,1720,3400,980,188340,2620,,820,90130,4670,164630,38000,2690,40,33390,41030,146260,7480,34110,74560,240,5040,313370,,65640,58800,3950,,51050,96440,1591510,540,347530,13420,6200,38290,340,540,7630,,620,52580,0,80,1410,37220,16300,47140,1040,,650,62120,,880,1500,224150,3250,56200,200,130,22070,24520,288970,10,5910,2940,312140,5850,5740270,118350,300,152780,,,105380,110,190,,20630,396900,1980,9760
2008,,4390,25080,4170,540,156200,168150,5690,,480,388500,70730,29580,200,106930,4350,1910,41580,50030,24770,2110,20760,60270,500,,13020,372160,1780,7220,400,4390,260,550200,44960,68250,7195010,6360,8210,1870,5410,60000,120,480,7520,26310,,,8400,118310,789550,470,180,50120,20540,103990,30280,189120,450,324160,18290,6880,56660,960,358210,,120,4130,514410,4840,8560,2010,430,220,8980,100410,290,,11240,,1600,8650,21740,2030,53030,377180,,1423880,46350,534090,86040,2180,444980,9620,20010,1159620,232010,9910,7510,3940,60,250,513190,72910,2050,18660,540,51470,320,220,12810,2010,13060,11040,8110,,50180,,8150,1780,870,477410,130,9580,2090,2720,8030,2690,12970,,2240,1800,3470,1100,201130,2960,,860,91530,4460,165390,37070,2990,40,34370,40080,142160,7300,38560,76730,210,4740,308320,,72830,56840,4180,,55230,95210,1613140,530,382240,14510,6400,38420,320,550,6910,,620,51350,0,90,1460,37050,17390,46150,1020,,700,64060,,950,1570,228310,3030,56850,210,130,21140,24790,287200,10,6100,3180,301330,7750,5563340,124200,220,163490,,,117620,100,190,,22010,426560,2180,7600
2009,,6000,27150,4320,520,157180,157440,4510,,1390,394950,64420,25140,200,99670,4700,1930,44750,42970,24730,6020,20590,57200,1460,,13870,350830,4620,7430,370,4090,260,520800,43670,65370,7715110,5930,8790,1920,5440,62960,130,510,7200,27100,,,8180,111170,734660,460,500,47890,19630,112770,32430,195490,470,287490,14960,6930,54180,970,343880,,130,4200,465120,5620,9950,2120,480,230,9660,94740,810,,11850,,1620,8150,20320,1990,47840,394490,,1568530,41020,551430,107520,2110,397060,7880,20660,1101210,204220,11710,6760,4730,60,700,525390,75040,2540,21920,540,53810,1050,210,12290,2100,11690,10460,7360,,50540,,7640,1690,910,461760,140,8960,2510,2510,7630,1750,13640,,2510,1990,3420,1120,181020,3030,,1080,74240,4390,160540,37450,3880,40,31320,42730,145140,8700,41680,77520,200,5010,297260,,55360,56300,4370,,57170,80520,1495170,560,399630,14980,6650,38830,330,550,6680,,610,47070,0,90,1450,33840,15530,42880,1070,,510,59160,,970,2820,221300,2390,50380,230,140,20190,25090,287830,10,5930,3410,252290,7670,5159550,114360,990,163930,,,131720,130,190,,25650,404020,2470,7750
2010,,8670,28530,4580,520,162820,168140,4340,,490,387350,69960,24150,320,106470,5080,2090,50580,44850,25980,2080,20840,61470,560,,15040,397730,1590,6860,470,3370,270,535030,45210,69720,8470570,6220,8990,2060,4980,64680,160,540,7110,30260,,,7820,113930,772920,520,180,48180,20640,113140,34650,196500,500,273250,18880,6470,62530,1160,347940,,110,4770,481790,5320,11150,2500,440,240,9520,87580,290,,11450,,1760,8210,19460,2460,47880,416940,,1665310,40630,550890,120230,1960,405270,7480,20200,1156080,223570,12640,6350,4920,50,240,574260,78250,2880,20880,730,57230,400,190,13070,2160,12600,11060,8520,,53660,,8300,1870,960,468940,140,8730,2780,2580,8280,2580,14310,,2720,2070,3660,1040,199110,3130,,1370,90730,4510,171160,41860,4640,40,31130,46470,140620,9190,45570,83570,210,5020,313740,,51620,50940,5040,,62270,77500,1583160,570,439230,15870,7030,42410,340,590,6540,,630,46660,0,100,1740,35450,15810,48130,1010,,440,59700,,1030,2630,235520,2420,57360,240,120,22620,27440,297120,10,6910,3850,269460,6280,5392870,122560,250,171400,,,149440,130,190,,23990,425110,2640,9810
2011,,12260,29460,5040,490,166320,177260,4940,,510,385770,68270,28560,370,95570,4980,2200,54420,49670,26030,2420,23740,58350,640,,16450,417120,1670,7010,670,4000,290,547720,41190,76470,9278250,5990,7970,2520,4860,69910,150,570,7430,28540,,,7550,110980,746380,480,170,43090,20870,118140,35500,201610,580,274400,18050,7540,55120,1110,333530,,120,5640,444420,6520,12210,2620,450,250,9710,84550,290,,11740,,1830,8780,19040,2800,46910,480460,,1760800,36360,561730,131030,1890,396690,7600,20760,1212170,242190,13030,7620,5190,50,260,597290,81160,3040,21180,850,38050,380,180,15420,2210,11840,10930,7900,,57790,,8350,2190,1010,480960,140,9640,3120,2570,8580,2540,15730,,3200,2190,3640,1140,201670,3320,,1410,102090,4770,158870,40160,5200,40,30350,52380,141640,9990,48580,84470,220,5150,310590,,37040,49870,5220,,65770,83950,1661780,650,456670,15350,7570,44770,350,770,6780,,630,50810,0,100,1950,34130,15730,44590,1020,,400,55920,,820,2510,234620,2540,63410,250,110,23190,25720,317720,10,8160,4160,283520,7610,5172100,125040,230,170180,,,149020,130,200,,20690,409120,3060,11490
2012,,10450,30250,4580,490,175730,178530,5720,,720,385770,65110,30760,390,94960,4740,2710,57990,45120,26570,3640,21960,59790,690,,17250,451760,2210,7130,760,5130,300,547140,42470,78490,9533210,7890,7060,2430,4750,70290,150,530,7450,28850,,,7020,107170,760020,510,250,38210,21640,126640,36630,212410,630,269270,16780,8460,49410,1030,336330,,130,5830,467080,7190,14220,2490,460,250,10010,80090,420,,12150,,2000,9140,17460,2500,43430,486750,,1908570,37100,571120,151860,1860,376750,7110,24120,1252220,241490,12130,10060,5420,60,350,598960,83590,3270,23480,950,52300,520,190,16830,2280,11930,10690,7570,,60150,,8140,2740,1140,480710,140,9130,3110,2710,11790,2330,17140,,3070,2400,3730,1120,203280,3540,,1890,100680,4690,157520,39110,6000,40,32010,58650,143750,10460,48370,88060,210,4900,303350,,38500,48220,5180,,73290,81730,1666860,720,488750,15210,7460,43690,360,890,6770,,630,45450,1420,120,2440,32370,15170,42150,1060,,450,45990,,890,2230,252070,2990,66300,300,110,22120,26680,328880,10,9870,3910,277290,8520,4950210,111290,400,183930,,,147270,120,200,,19680,426710,4020,12110
2013,,8510,32820,4790,480,184100,184000,5500,,470,379270,65750,31390,410,96610,5020,2970,60580,39820,28760,3110,21850,59930,500,,18560,482860,1480,7020,850,5560,300,556350,43480,82940,9936680,8460,7370,3650,4000,77790,180,510,7780,27350,,,6380,102720,777630,560,170,39980,21250,129910,39430,210430,650,242800,19190,10280,50190,1130,336630,,140,5700,453060,7840,15010,2180,440,260,9350,72480,320,,13010,,1980,9340,17040,2730,40760,454320,,1966810,35720,592480,162550,2030,346450,7580,23800,1260900,256340,14100,9380,5580,60,230,597640,85260,3910,23240,910,54990,320,190,14480,2290,11330,10150,7450,,59720,,7180,2930,1130,469860,140,8240,3050,2370,13590,2270,18380,,3460,2200,3820,1210,219820,3820,,1790,110720,4490,157120,38210,6090,50,31750,60990,145100,10610,49520,97800,220,5230,298330,,27820,46560,5300,,74600,72010,1624020,780,499380,14500,8010,43920,390,1070,6460,,650,46150,1450,120,2290,32940,14600,40550,1550,,410,30530,,920,1750,262460,3160,67780,460,120,22730,26770,318170,10,10810,4270,268600,7360,5089500,113130,220,187680,,,153630,110,200,,26350,436870,4240,12360
2014,,7810,34630,5220,460,183840,179910,5480,,480,369880,61990,32630,390,90160,5510,3020,63800,42230,30220,2620,19490,59470,490,,20170,506780,1290,6970,940,7130,300,561830,39730,76390,9894940,8960,7750,4790,4080,79820,160,500,7830,26880,,,6750,99750,737490,460,180,35760,21320,138810,41200,216650,680,240960,17820,12330,46160,1310,304530,,140,5500,414850,8470,14370,2240,520,280,8090,69550,250,,13950,,2060,9460,16340,3060,40630,490050,,2136870,35550,610670,168840,2050,327490,7400,25590,1219820,205230,15030,9710,6630,60,230,586000,83580,4420,24940,1220,59700,360,160,17600,2310,10860,9650,7280,,61160,,7710,3050,1360,458320,150,7780,3120,2350,17040,2220,18120,,4470,2520,3950,1100,231680,4000,,1980,116200,4760,149890,38280,7130,50,31790,64470,153670,11280,52810,104410,220,5870,285740,,31420,45930,5630,,80400,71410,1606860,810,536810,15330,8570,44460,340,1180,6590,,650,38720,1530,120,2640,30450,13170,39100,960,,460,27070,,940,1590,258660,4470,69490,530,110,21920,28830,340640,10,10720,4740,237610,6500,5102580,105410,290,188350,,,168560,160,210,,26710,447980,4800,12150
2015,,7990,35160,5070,470,194040,186090,5340,,490,375970,63150,32170,410,95200,5990,3400,71690,44690,30600,2370,19610,54890,660,,20410,479970,1290,5980,960,7210,310,558800,39030,81970,9830430,9560,8010,2890,3440,81030,180,500,7540,27490,,,6780,100980,742310,540,180,33600,23450,145970,40720,225950,650,256280,15370,12880,42820,1510,310520,,150,5480,400370,9200,15130,2540,530,280,7140,68010,270,,16340,,2050,9870,16680,3320,43380,490840,,2150220,36990,602230,162190,2060,337860,7290,25360,1181500,206640,17090,10270,8580,60,240,606510,88040,8660,27050,1260,53840,380,160,20360,2230,11070,9130,7320,,63150,,8020,3320,1350,472590,150,7480,3410,1650,19010,2360,17300,,5640,2950,3960,1200,232550,4270,,1970,108150,5270,158110,38640,6460,50,32190,68300,163590,10700,53820,113670,220,6430,289050,,25300,49850,6370,,83310,72900,1557530,930,561140,17800,9280,45500,310,940,7000,,650,45160,1970,120,2750,30750,13170,39200,1030,,500,26040,,970,1820,263080,4760,72080,610,110,21260,29670,351590,10,11690,4860,190870,6590,4982790,101530,220,173880,,,209200,140,240,,14210,424880,5070,12400
2016,,7390,35410,4930,470,199460,184280,5070,,500,383960,63390,32660,460,94320,7230,3500,73740,41740,30200,2190,22340,55210,650,,21610,441910,1310,6410,1230,7120,310,550480,39610,86160,9814310,9320,8550,2060,3350,83760,200,550,8080,28450,,,7150,102860,747150,490,180,35380,24460,143350,39010,233960,660,247030,15650,14950,45710,1740,312710,,170,5710,378890,9650,14110,2830,530,300,5600,66850,280,,17460,,2310,9400,16940,3400,44480,494980,,2183280,38710,605760,172350,2070,333340,7750,24860,1171390,223020,18770,9700,9900,80,250,614780,89880,15360,27810,1410,51180,350,150,21930,2270,11200,8860,7150,,63080,,8140,3220,1750,479250,180,7390,4420,1350,21890,2110,18170,,5790,2810,4040,1360,228640,4360,,1970,108420,5380,158270,37950,9340,60,31180,69540,180570,10770,56530,124920,260,7630,299740,,30090,48760,7150,,85280,71140,1530900,1050,556740,20480,9920,46160,360,960,7170,,660,46240,1730,120,2310,31500,13930,38790,1230,,540,26460,,1020,2300,260720,5960,72020,690,150,18230,28990,374590,10,10920,5670,201250,6530,4888640,107350,270,162060,,,223870,180,300,,10880,425180,5590,10990
2017,,7380,30840,5600,470,208250,180120,5320,,500,387200,65830,31970,570,92770,7360,4070,78710,44040,30380,2150,22650,56240,650,,22250,449840,1200,6710,1330,7870,310,562260,38620,87040,10017770,10380,8320,2280,3220,76060,250,590,8180,25650,,,7300,103420,732200,470,170,33330,23390,145100,37760,238690,720,263440,16280,15460,43010,1810,316360,,170,4700,366380,9630,14780,2970,540,300,5630,66800,290,,16510,,2320,9000,17480,3370,46550,532920,,2301440,37530,620780,174290,2170,329190,7190,26100,1151930,225560,18890,9340,11370,80,240,625350,89720,18510,29280,1260,56810,370,160,23310,2440,11220,9000,7120,,65930,,8160,3500,1820,471810,180,7860,5050,1520,31400,2230,19470,,6020,3800,4180,1500,222890,4330,,2070,112920,5400,155910,36900,11030,70,32920,69900,197700,10250,53990,136590,270,7700,312820,,22380,53330,8000,,87680,74100,1557190,1050,540700,20340,9570,47430,350,970,6380,,660,46900,1520,130,2130,33580,14140,38330,1040,,590,29100,,1020,2070,260660,6370,71960,600,180,18190,29890,415900,10,11360,5840,174840,6080,4813720,111380,270,148740,,,222130,170,300,,10060,435140,6990,10230
2018,,7440,27340,5560,460,200300,177410,5550,,530,386620,63180,32020,590,93470,7910,4270,82760,41130,30750,2260,22540,59310,680,,22710,427710,1250,7140,1380,8210,330,574400,37480,86620,10313460,9910,8620,2200,3220,79490,260,620,8260,24970,,,7230,102480,709540,490,180,33380,25120,151670,39530,246260,800,258340,16000,16280,44360,1900,309960,,180,4610,358800,9460,16110,3120,570,310,6670,65290,300,,18210,,2440,9770,16580,3330,46390,583110,,2434520,37110,629290,188140,2200,324850,8510,24700,1106150,220450,18400,11000,11160,80,260,630870,89460,18790,27710,1320,58940,390,140,21630,2570,11590,9320,7630,,66680,,8590,3370,1910,472140,190,7370,5620,1550,32520,2520,21320,,6640,4000,4130,1570,239620,4250,,2290,130670,5210,151170,37350,12030,70,32210,73370,208370,10140,54280,142240,290,7460,312740,,18120,49780,8420,,90170,74880,1607550,1080,514600,20200,9860,47360,370,1020,6810,,690,45540,1380,140,2080,33000,14050,36000,1090,,620,27910,,1070,2260,257860,7330,71730,640,190,17760,29980,412970,10,11580,6130,185370,6520,4981300,112090,280,138160,,,257860,180,320,,9310,433250,7740,12270
2019,,,,,,,,,,,,,,,,,,,,,,,,,,,,,,,,,,,,,,,,,,,,,,,,,,,,,,,,,,,,,,,,,,,,,,,,,,,,,,,,,,,,,,,,,,,,,,,,,,,,,,,,,,,,,,,,,,,,,,,,,,,,,,,,,,,,,,,,,,,,,,,,,,,,,,,,,,,,,,,,,,,,,,,,,,,,,,,,,,,,,,,,,,,,,,,,,,,,,,,,,,,,,,,,,,,
2020,,,,,,,,,,,,,,,,,,,,,,,,,,,,,,,,,,,,,,,,,,,,,,,,,,,,,,,,,,,,,,,,,,,,,,,,,,,,,,,,,,,,,,,,,,,,,,,,,,,,,,,,,,,,,,,,,,,,,,,,,,,,,,,,,,,,,,,,,,,,,,,,,,,,,,,,,,,,,,,,,,,,,,,,,,,,,,,,,,,,,,,,,,,,,,,,,,,,,,,,,,,,,,,,,,,