ABW,AFG,AGO,ALB,AND,ARE,ARG,ARM,ASM,ATG,AUS,AUT,AZE,BDI,BEL,BEN,BFA,BGD,BGR,BHR,BHS,BIH,BLR,BLZ,BMU,BOL,BRA,BRB,BRN,BTN,BWA,CAF,CAN,CHE,CHL,CHN,CIV,CMR,COD,COG,COL,COM,CPV,CRI,CUB,CUW,CYM,CYP,CZE,DEU,DJI,DMA,DNK,DOM,DZA,ECU,EGY,ERI,ESP,EST,ETH,FIN,FJI,FRA,FRO,FSM,GAB,GBR,GEO,GHA,GIN,GMB,GNB,GNQ,GRC,GRD,GRL,GTM,GUM,GUY,HND,HRV,HTI,HUN,IDN,IMN,IND,IRL,IRN,IRQ,ISL,ITA,JAM,JOR,JPN,KAZ,KEN,KGZ,KHM,KIR,KNA,KOR,KWT,LAO,LBN,LBR,LBY,LCA,LIE,LKA,LSO,LTU,LUX,LVA,MAF,MAR,MCO,MDA,MDG,MDV,MEX,MHL,MKD,MLI,MLT,MMR,MNE,MNG,MNP,MOZ,MRT,MUS,MWI,MYS,NAM,NCL,NER,NGA,NIC,NLD,NOR,NPL,NRU,NZL,OMN,PAK,PAN,PER,PHL,PLW,PNG,POL,PRI,PRK,PRT,PRY,PYF,QAT,ROU,RUS,RWA,SAU,SDN,SEN,SGP,SLB,SLE,SLV,SMR,SOM,SRB,SSD,STP,SUR,SVK,SVN,SWE,SWZ,SXM,SYC,SYR,TCA,TCD,TGO,THA,TJK,TKM,TLS,TON,TTO,TUN,TUR,TUV,TZA,UGA,UKR,URY,USA,UZB,VCT,VEN,VGB,VIR,VNM,VUT,WSM,XKX,YEM,ZAF,ZMB,ZWE
59442,11475450,6041239,2187853,25571,277463,24259564,2587716,27982,64354,12937000,7500482,5284518,3530000,9673162,2976575,5723378,65531635,8536395,220311,173894,3805286,9115576,124795,54600,4581752,97482928,240093,135672,306957,646350,1840517,21962032,6213399,9942716,841105000,5328735,6689659,20564062,1365891,22003983,234645,271315,1896074,8868087,147389,9588,620860,9826815,78312842,169372,71569,4963126,4627202,14872253,6247421,35311905,1347180,34224490,1376955,29248650,4612124,531622,52371320,39456,62089,600608,55896223,4163000,8973247,4223056,478106,718359,298852,8831036,94212,47200,5589563,85729,713684,2798125,4431275,4757175,10367537,117880146,56352,567868021,2992050,29281583,10255853,206098,54073490,1904281,1809193,105697000,13250211,11713046,3022300,7139640,51979,44489,32882704,798639,2762264,2354046,1436740,2228142,105244,21729,12747831,1052619,3179041,342421,2376389,5945,16350883,23721,2479871,6757853,119303,53076366,21305,1739529,6044524,302700,27913749,515449,1317042,13423,9232655,1181659,839230,4829092,11062434,842353,120000,4637984,57296988,2481345,13194497,3903039,12323984,6669,2853000,748968,59734479,1563093,13836365,36849678,12051,2849522,32783500,2762190,14809518,8643756,2535877,114385,119413,20461567,131155000,3871428,6100631,10621471,4387532,2112900,166163,2798727,3770060,19393,3472357,7013000,3575896,76344,369230,4557449,1738335,8098334,443979,7372,54695,6570859,5973,3726189,2185667,37963280,3020419,2258965,585250,85492,955753,5176290,35720603,5770,13971698,9671856,47435008,2818283,207661000,12446444,91490,11745952,10012,70937,44484032,88012,145407,1247000,6290367,22665265,4319226,5476978
59849,11791222,6248965,2243126,26885,330968,24653172,2650484,28564,64134,13177000,7544201,5385266,3569655,9711115,3043563,5825174,66625706,8576200,229151,177863,3851153,9188968,127152,54200,4682392,99859388,241523,142015,316822,667096,1867786,22218463,6260956,10103675,862030000,5576026,6867170,21121360,1406510,22516429,239229,271841,1944170,9025347,147710,10135,628002,9867632,78688452,179237,71731,4991596,4755464,15285992,6429377,36102670,1384789,34604469,1392518,30140799,4639657,542843,52793151,39915,62275,611705,56086065,4205300,9229640,4290544,492424,732516,289508,8888628,93984,48300,5723759,87580,721949,2882102,4450564,4837334,10398489,121017316,57166,581087255,3036850,30075295,10599661,209137,54381345,1935089,1883923,107188000,13463985,12146070,3088200,7302114,52775,44318,33505406,851918,2840842,2417837,1474567,2327487,106303,22161,13002234,1077102,3213622,346600,2395674,6156,16696890,24049,2515217,6946619,123347,54689944,22335,1754951,6147464,302450,28570093,521785,1356673,13884,9446235,1217443,852053,4958556,11324277,868954,125500,4768225,58665813,2558705,13328593,3933004,12583142,6798,2903900,776385,61381982,1607797,14221954,37923400,12342,2918138,33055650,2817256,15207765,8630430,2597149,118438,130505,20657957,131909000,3987223,6392973,10974626,4522886,2152400,172550,2854866,3867310,19490,3479792,7053000,3661442,77930,367907,4596622,1752233,8122300,457039,7892,56029,6800148,6156,3815253,2247578,39058594,3111284,2324019,600185,86327,968136,5291335,36587267,5786,14428340,9929644,47783006,2821458,209896000,12796982,92511,12097696,10210,76319,45548476,90802,147295,1278000,6390573,23281517,4466170,5673914
60236,12108963,6497283,2296752,28232,394625,25056475,2712780,29103,63649,13380000,7586115,5483088,3605120,9741720,3113681,5930493,67637541,8620967,239527,181519,3897259,9257272,129294,53800,4785916,102259497,243076,148516,326986,689906,1894850,22491777,6307347,10265827,881940000,5841513,7052847,21690448,1448632,23024512,244207,271068,1992522,9178809,146912,10778,635105,9922266,78936666,190569,71739,5021861,4884460,15709831,6614840,36896551,1423749,34988947,1405951,31036670,4666081,554143,53207744,40395,62268,622914,56194527,4242500,9493552,4357357,507428,746178,277656,8929086,93661,49000,5858466,89459,729909,2968978,4470161,4918625,10432055,124199693,57919,594770136,3085950,30905721,10950888,212317,54751406,1966978,1948443,108707000,13673014,12600799,3153800,7449233,53558,44304,34103149,905639,2919288,2481943,1514364,2430754,107311,22560,13252033,1102885,3244438,350450,2415819,6370,17048525,24445,2549760,7142634,127700,56324310,23440,1769002,6256191,302200,29238168,530220,1397305,14322,9668655,1254156,864819,5093368,11592638,896264,128500,4902151,60114615,2638699,13439322,3960612,12852205,6929,2961300,806985,63099404,1653208,14615847,39022759,12625,2989201,33357200,2878786,15593353,8633100,2659418,122641,142181,20835681,132669000,4106411,6711922,11343923,4660726,2193000,179306,2913347,3964273,19561,3512626,7091000,3750780,79463,364907,4641445,1766697,8136312,470561,8429,56892,7037860,6380,3907891,2303344,40159581,3203035,2390212,614264,86958,982006,5409338,37472329,5819,14902271,10186452,48125829,2822112,211909000,13140797,93559,12453709,10391,84121,46603522,93749,148858,1308000,6500809,23913090,4619549,5877725
60527,12412960,6761623,2350124,29515,467457,25462305,2773750,29595,63108,13723000,7599038,5579071,3646428,9772419,3187413,6040045,68742222,8678745,251908,185105,3942221,9317584,131305,53400,4892294,104706193,244643,155069,337491,714701,1924386,22807969,6341405,10428803,900350000,6121295,7247284,22282127,1492055,23538390,250107,270228,2042242,9320943,148351,11488,642322,9988459,78967433,205180,71814,5045297,5014187,16149018,6803271,37708144,1463986,35373335,1418169,31861353,4690574,565418,53592235,40847,62456,634739,56229974,4279500,9749098,4424030,523250,757668,265762,8962022,93190,49500,5994300,91378,737846,3059245,4490660,5003708,10478720,127422198,58673,608802595,3137500,31786481,11312062,215209,55110868,1998313,2007735,110162000,13869975,13077341,3223900,7533332,54334,44322,34692266,961773,2990963,2536772,1556288,2536895,108389,22985,13501931,1130634,3273894,355050,2437186,6601,17413149,24829,2582697,7345773,132102,57966812,24530,1784400,6368346,301996,29918469,538902,1438421,14672,9906963,1291857,878042,5235074,11871102,922900,131000,5040795,61677167,2721417,13545056,3985258,13131260,7062,3023700,841952,64905996,1699056,15017060,40144250,12823,3063051,33678899,2939299,15952077,8754365,2723816,126919,153624,21029429,133432000,4231579,7054532,11732957,4797188,2229800,186297,2974105,4060255,19661,3632986,7128000,3844094,81148,361665,4689623,1776132,8159955,484747,8977,57937,7283181,6610,3999918,2356620,41252320,3296092,2457379,624561,87584,996479,5530978,38370278,5903,15388933,10453029,48452623,2824095,213854000,13491114,94618,12816954,10551,89941,47657554,96773,150191,1339000,6630003,24552540,4778716,6085078
60653,12689164,7023994,2404831,30705,548295,25865775,2832752,30045,62671,13893000,7578903,5674129,3700879,9800700,3265167,6154554,70066310,8720742,266540,188895,3985107,9367000,133264,53000,5001413,107216209,246158,161635,348395,741346,1958367,23143275,6338632,10592310,916395000,6412409,7451057,22903587,1536658,24065502,257285,270240,2094186,9446441,149129,12234,649753,10058620,78673554,224177,72088,5059862,5144632,16607706,6994331,38549133,1505438,35757900,1429352,32566855,4711440,576626,53931390,41292,63122,647538,56225800,4311200,9985946,4491248,539985,765985,255808,9046541,92494,49600,6131151,93351,745847,3153252,4512082,5094570,10540525,130680730,59482,623102900,3189550,32729772,11684579,217979,55441001,2028019,2065916,111573000,14050227,13575898,3292400,7524457,55114,44271,35280725,1021725,3051583,2575746,1600454,2645136,109634,23436,13755141,1160795,3301652,358950,2456130,6882,17796171,25203,2611616,7556032,136418,59607947,25579,1803008,6482282,304222,30611093,546487,1479646,14917,10165216,1330594,892000,5384798,12162189,947925,132500,5184940,63374289,2806859,13666335,4007313,13420367,7178,3083100,882038,66816875,1745142,15424745,41285741,12898,3139944,34015199,2994000,16274737,9093470,2791236,131229,164314,21293583,134200000,4364709,7419486,12144128,4929846,2262600,193401,3037158,4154689,19829,3880285,7163000,3941613,83134,359234,4739105,1793581,8192437,499759,9556,59292,7535715,6832,4088568,2410451,42326307,3390941,2525374,629227,88321,1010934,5656912,39277249,6064,15885228,10737403,48755662,2830172,215973000,13857469,95665,13189511,10697,94484,48718190,99863,151353,1369000,6784699,25195184,4943279,6293875
60586,12943093,7279630,2458526,31782,637926,26264681,2889583,30455,62353,14033000,7565525,5768730,3770870,9818227,3347169,6274032,71652386,8758599,283746,192903,4025271,9411000,135143,53200,5113458,109790943,247584,168173,359721,769982,1997017,23449808,6302504,10756876,930685000,6713949,7664398,23560470,1582361,24608102,265958,271345,2148681,9554186,149399,13023,657524,10125939,78336950,248556,72662,5072596,5275767,17085799,7187794,39422731,1547978,36137812,1439576,33128151,4725664,587561,54220033,41724,64360,661398,56211968,4342400,10199164,4559239,557810,770415,247969,9188150,91469,49700,6269983,95380,754101,3251145,4535934,5191637,10598677,133966940,60374,637630085,3238050,33733975,12068675,220154,55718260,2055371,2123180,112775000,14212145,14096258,3358700,7404687,55922,44140,35848523,1085866,3098962,2596409,1645833,2754698,111074,23933,14012894,1193517,3328664,360731,2470989,7250,18198836,25523,2638126,7773452,140563,61242189,26548,1825559,6596721,305774,31314347,552562,1520868,15024,10443954,1370364,906507,5545653,12468688,971117,134000,5335083,65221379,2894967,13774037,4026152,13719466,7284,3110500,927434,68834324,1791389,15838568,42446659,12835,3219825,34356300,3043854,16554744,9355810,2861868,135559,173716,21551634,135147000,4506109,7802928,12578398,5057375,2293300,200602,3102595,4247508,20086,4278974,7214000,4041792,85475,357949,4789507,1820249,8222286,515602,10147,60504,7794658,7020,4173131,2464424,43377270,3487658,2594315,627255,89228,1025104,5786482,40189561,6319,16390161,11042975,49032729,2841371,218035000,14242766,96694,13572210,10821,96166,49785278,103002,152362,1400000,6967944,25836890,5112823,6502566
60366,13171294,7533814,2513546,32769,735347,26661397,2944375,30834,62162,14192000,7568430,5863138,3854446,9830358,3433445,6398933,73463593,8804183,303169,197100,4063188,9463000,136990,53400,5228253,112425392,248931,174717,371424,800532,2039914,23725843,6281174,10922777,943455000,7026497,7887571,24249127,1629218,25164544,275903,273335,2205618,9646142,149459,13848,665521,10186755,78159814,277472,73443,5088419,5407496,17582899,7383713,40329589,1591622,36511638,1450211,33577240,4738902,598299,54467709,42133,66079,676264,56193492,4372100,10395453,4628881,576755,771732,242160,9308479,90219,49400,6412667,97477,762424,3352825,4559571,5294625,10648031,137278057,61335,652408766,3282200,34803041,12462059,221799,55955411,2080824,2179361,113872000,14359629,14638887,3423900,7196042,56759,43944,36411795,1153573,3135839,2601734,1692155,2865639,112685,24451,14273495,1228527,3355036,361358,2485073,7713,18620087,25811,2660619,7998157,144625,62869908,27479,1851070,6712267,306970,32026748,557576,1562207,15049,10738534,1411139,921379,5717954,12790313,992955,136000,5491158,67203134,2985480,13856185,4043205,14028535,7396,3120200,977804,70958168,1837804,16258323,43629415,12646,3302636,34689050,3088690,16796568,9455675,2935710,139893,182319,21756096,136100000,4655386,8207695,13034631,5181505,2325300,207885,3170503,4338451,20397,4802134,7258000,4144552,88102,357649,4840501,1842377,8251540,532253,10791,61786,8060652,7193,4255242,2518454,44405903,3586516,2664262,619817,90259,1039210,5919958,41108290,6650,16905222,11368618,49287118,2856958,220239000,14643881,97708,13964377,10923,93203,50861166,106206,153218,1430000,7178672,26480915,5287544,6712825
60102,13341199,7790774,2566266,33744,835498,27061041,2997419,31262,62038,14358000,7562305,5957927,3949264,9839534,3523933,6530820,75450033,8814032,323468,201482,4100355,9525000,138975,53600,5344946,115121158,250200,181201,383324,832467,2087662,23963203,6281738,11089165,956165000,7350269,8121081,24956387,1677326,25733669,286628,276182,2264942,9724044,148341,14681,673253,10242098,78091820,308008,74280,5104248,5539596,18102266,7582357,41275728,1636771,36864898,1460188,33993301,4752528,609383,54691866,42539,68196,692078,56196504,4397700,10590265,4702371,596540,772137,239681,9429959,89104,49200,6561919,99629,770128,3458102,4581085,5404020,10684822,140621731,62260,667499815,3329100,35960811,12860678,223537,56155143,2105903,2237936,114913000,14499957,15205381,3487100,6957267,57613,43703,36969185,1224063,3168838,2597202,1740919,2979102,114398,24968,14533691,1265211,3379514,362007,2497921,8191,19059773,26090,2682309,8230214,148774,64494872,28400,1877690,6831090,310182,32748782,562065,1603910,15167,11041206,1453028,933499,5896864,13122833,1014055,137500,5652655,69271915,3077861,13941700,4058671,14347653,7505,3121200,1032797,73197254,1884427,16683451,44838485,12409,3388631,34965600,3129421,17015984,9558250,3013281,144273,191947,21951464,137060000,4812872,8646845,13510429,5306685,2353600,215299,3240841,4426679,20764,5375018,7297000,4253085,90846,358103,4890125,1862548,8275599,549787,11481,62150,8336421,7380,4337292,2576293,45413082,3688411,2734899,610048,91336,1053560,6060158,42039983,7018,17432756,11712540,49523304,2875724,222585000,15057226,98688,14364726,11041,95929,51959021,109397,153986,1460000,7414167,27138966,5468259,6929663
59972,13411060,8058112,2617832,34825,931752,27471046,3049107,31842,61948,14514000,7549425,6053635,4051239,9848382,3618519,6671656,77529040,8825940,342804,205991,4138816,9584000,141302,53800,5462413,117878412,251347,187596,395192,865073,2140778,24201544,6294365,11254877,969005000,7685927,8365560,25663598,1726865,26312996,297451,279729,2326460,9790850,147851,15485,680010,10292341,78126350,336080,74960,5116801,5671801,18647801,7784074,42267429,1683932,37191330,1468333,34487806,4764690,621584,54917110,42941,70515,708788,56246951,4430200,10805318,4782491,616770,774726,241977,9548258,88603,49600,6720582,101837,776257,3566661,4594778,5520187,10704152,144009844,63026,682995348,3373750,37237145,13259107,225735,56317749,2132784,2303116,115890000,14643133,15797771,3552000,6770393,58469,43452,37534236,1296077,3207331,2590911,1794251,3096724,116148,25463,14788866,1302670,3397842,362856,2505953,8557,19516942,26391,2703999,8469677,153276,66123908,29417,1902718,6956409,313342,33481397,566888,1646290,15640,11341405,1496174,949888,6075485,13460035,1035379,138500,5818763,71361141,3171404,14038270,4072517,14676932,7626,3109000,1091858,75561128,1931302,17113393,46079844,12231,3478093,35247217,3168088,17235668,9661265,3095151,148734,205172,22090488,138027000,4978812,9137928,14002302,5439069,2383500,222841,3313506,4511127,21122,5892763,7332000,4371711,93458,358826,4938973,1882599,8293678,568316,12244,62686,8625693,7607,4422743,2642693,46401750,3794457,2805817,602363,92271,1068644,6210756,42994043,7357,17976219,12071140,49747998,2895683,225055000,15476928,99649,14771270,11226,96183,53095406,112543,154740,1491000,7669699,27827325,5656145,7160021
60097,13356500,8341290,2671997,36063,1019507,27896532,3099759,32648,61861,14692000,7549433,6150735,4157296,9859242,3717161,6822837,79639498,8861535,359897,210589,4179850,9643000,144142,54670,5579932,120694012,252388,193880,406883,897860,2199359,24515667,6319408,11419350,981235000,8033652,8621409,26358905,1777932,26900508,307831,283848,2389973,9849457,148041,16207,685408,10304193,78288576,358960,75318,5123027,5803929,19221659,7989178,43309063,1733423,37491165,1477219,35141703,4779535,635312,55161510,43339,72936,726335,56314216,4467700,11056112,4871446,637252,781678,249931,9642505,89032,50200,6890346,104134,780153,3678274,4599782,5643175,10711122,147447834,63546,698952837,3412800,38650244,13653348,228138,56433883,2162839,2377997,116807000,14796175,16417203,3617400,6693759,59296,43201,38123775,1368680,3258149,2588928,1852991,3219462,117828,25881,15035840,1340258,3413202,364150,2511701,8777,19990006,26752,2728099,8716549,158271,67761367,30574,1924203,7090124,316645,34224316,572608,1689622,16633,11630194,1540644,966039,6250434,13798094,1057723,140050,5989000,73423646,3265520,14149800,4085620,15016408,7751,3112900,1154373,78054346,1978489,17547612,47357741,12178,3571209,35574150,3206000,17472144,9766312,3181627,153298,223622,22207282,139010000,5153314,9691471,14507466,5583157,2413945,230550,3388494,4591135,21453,6281138,7362000,4502603,95788,359531,4979815,1901315,8310531,587852,13097,63261,8930776,7894,4514427,2720835,47374463,3905443,2876809,599907,92966,1084743,6374040,43975972,7631,18538263,12442333,49965872,2915389,227225000,15898760,100566,15182616,11471,99636,54281841,115598,155522,1521000,7941903,28556771,5851818,7408630
60561,13171679,8640478,2726056,37498,1096602,28338514,3148096,33697,61789,14927000,7568710,6249312,4266520,9858982,3820126,6985166,81767516,8891117,374120,215321,4222479,9710000,147572,55050,5697098,123570327,253296,200027,418107,930412,2264441,24819915,6354074,11582020,993885000,8393689,8888534,27040329,1830629,27496608,317617,288678,2455593,9898891,148629,16857,689170,10300591,78407907,374934,75314,5121572,5935895,19824297,8197648,44400113,1784557,37758631,1487666,35984531,4799964,651032,55430278,43725,75422,744695,56333829,4504500,11348287,4969595,657581,793804,264370,9729350,90610,51000,7071186,106482,781734,3792922,4611509,5773367,10711848,150938222,63778,715384997,3453000,40199911,14044115,230755,56501675,2196921,2464870,117661000,14958897,17063870,3685800,6749849,60101,42963,38723248,1439334,3323353,2594299,1918832,3347779,119435,26229,15272822,1377808,3432947,365225,2519421,8675,20479709,27162,2754609,8971339,163821,69407623,31883,1941527,7234725,318982,34976465,579445,1733475,18168,11913085,1586496,980462,6412380,14134060,1080938,142650,6163711,75440505,3360142,14247208,4099702,15367229,7871,3124900,1220578,80680461,2025965,17985398,48672831,12281,3668102,35898587,3242552,17731229,9851362,3272922,157954,247984,22353070,139941000,5329250,10311771,15027254,5740441,2532835,238423,3464113,4666361,21761,6511115,7405000,4646478,97767,360144,5016105,1906531,8320503,608374,14030,64035,9252854,8243,4612858,2812312,48326269,4020818,2947783,603837,93415,1101983,6551232,44988411,7825,19120683,12825084,50221000,2934624,229466000,16321692,101439,15597878,11821,99853,55522804,118546,156410,1552000,8231905,29333095,6055361,7675582
61341,12882518,8952971,2784278,39115,1164816,28794550,3193696,34969,61780,15178000,7574140,6349555,4379727,9856303,3927717,7158259,83932132,8917457,385953,220182,4265183,9776000,151486,55449,5814344,126498322,254078,206064,428938,962859,2335339,25116942,6391309,11743909,1008630000,8764991,9166813,27717293,1884873,28101824,326944,294244,2523358,9940314,150101,17436,691716,10314826,78333366,385268,75012,5117810,6067769,20452901,8409396,45539295,1836825,37986012,1498414,36995246,4826933,668281,55718940,44101,78015,763932,56313641,4542800,11676828,5077073,678111,810402,284638,9789513,93132,51500,7262658,108901,781249,3910642,4634234,5910223,10705535,154468235,63765,732239498,3485800,41869231,14432466,233860,56543548,2234062,2563525,118480000,15128090,17736326,3759300,6919803,60887,42733,39326352,1507636,3401193,2606148,1989477,3480443,120987,26533,15501210,1415362,3457179,365525,2531080,8372,20984023,27633,2782725,9234137,169849,71058650,33330,1955247,7388670,325898,35734273,587001,1777727,20163,12189817,1633655,992521,6565985,14471215,1105103,145700,6343530,77427539,3455129,14312690,4114787,15729431,8016,3156100,1290121,83431597,2073748,18426420,50023564,12519,3768489,36230481,3277453,18008568,9911771,3368763,162679,277229,22475741,140823000,5504847,10988851,15562129,5909734,2646466,246451,3540164,4737256,22043,6608040,7440000,4799435,99478,360927,5055099,1910334,8325263,629812,15032,64413,9590226,8654,4718157,2915618,49255889,4140297,3019064,613233,93636,1120019,6740520,46025411,7951,19723317,13221991,50384000,2953852,231664000,16747428,102255,16017570,12250,100068,56814309,121398,157365,1582000,8541605,30150448,6265869,7958239
62213,12537732,9278104,2843960,40854,1228457,29262049,3238592,36413,61779,15369000,7561910,6452067,4497544,9855520,4039940,7340910,86142490,8939738,396451,225095,4307907,9843000,155820,55930,5932812,129448815,254791,212073,439823,996124,2408322,25366451,6418773,11907955,1023310000,9144940,9456496,28403858,1940454,28714183,336088,300226,2593015,9981303,151159,18005,694076,10323856,78128282,393800,74484,5114297,6199657,21101875,8624594,46728284,1890556,38171525,1508745,38142679,4855787,685497,56023775,44483,80630,784056,56332848,4582900,12033559,5195443,700198,830212,308208,9846627,96020,52100,7462585,111403,778953,4031333,4658254,6051617,10689463,158009248,63697,749428958,3510600,43636838,14815653,236977,56564074,2271735,2671413,119307000,15303316,18431760,3838300,7170004,61736,42477,39910403,1576975,3489910,2622072,2057232,3614682,122571,26790,15724641,1452727,3485192,365622,2546011,8296,21495088,28091,2811645,9504283,176255,72709306,34881,1965892,7545163,330524,36491804,594506,1823214,22622,12439773,1681859,1001691,6737924,14819430,1131624,148700,6528646,79414841,3549711,14367070,4128432,16100623,8163,3199300,1361085,86285936,2121863,18870988,51408910,12842,3871490,36571808,3311138,18298212,9957865,3468533,167456,309299,22560478,141668000,5690989,11701132,16107613,6089567,2681061,254566,3619854,4804936,22295,6618594,7468000,4953154,101064,362282,5091971,1922321,8329033,652112,16175,64335,9938852,9096,4832316,3026980,50173922,4265278,3091510,626677,93736,1138071,6937332,47073470,8041,20344550,13638729,50564000,2973048,233792000,17177663,103035,16443128,12755,100348,58148384,124213,158345,1614000,8869363,30993762,6481907,8254746
62826,12204306,9614756,2904429,42706,1293970,29737097,3285593,37946,61784,15544000,7561434,6557581,4621096,9855372,4156819,7531239,88416529,8960679,407233,229913,4350566,9910000,160341,56423,6054126,132383569,255493,218176,451471,1031439,2478382,25607053,6441865,12078137,1036825000,9530103,9757849,29119663,1996994,29331230,345455,306140,2664220,10031651,151940,18662,697715,10330213,77858685,406018,73846,5111619,6331760,21763578,8843463,47968643,1946299,38330364,1518617,39374346,4881803,700478,56337675,44895,83192,805117,56422072,4622200,12405659,5326369,725688,851276,331554,9895801,98472,52700,7669863,113953,775217,4154864,4680285,6194686,10668095,161523353,63812,766833411,3532423,45472792,15190396,239511,56576718,2306367,2784457,120083000,15483411,19146403,3916400,7447844,62745,42198,40405956,1652150,3586315,2638056,2111667,3746712,124296,27028,15948501,1489685,3514205,365998,2562047,9067,22002641,28511,2840565,9780869,182848,74352631,36564,1974413,7694857,330593,37241530,600884,1871089,25496,12636120,1730737,1012221,6964613,15192300,1162282,151650,6719310,81448757,3642978,14424211,4140099,16477488,8331,3227100,1431066,89213708,2170330,19319746,52827047,13190,3975950,36904134,3344190,18590142,9996232,3571275,172249,341272,22640547,142745000,5902847,12418836,16657956,6277420,2732221,262691,3707513,4871041,22546,6614713,7489000,5096478,102826,364722,5127097,1932154,8336605,675240,17517,64717,10293048,9556,4957561,3140840,51094870,4397563,3166215,641845,93793,1155083,7135265,48114158,8110,20981775,14082870,50754000,2992250,235825000,17615037,103776,16876703,13317,100600,59512619,127058,159243,1647000,9213078,31841588,6701547,8562259
63024,11938204,9961993,2964762,44593,1366165,30216284,3335935,39521,61785,15758000,7564985,6666447,4750832,9858308,4278502,7727908,90764180,8960547,419428,234579,4392135,9975000,164918,56898,6179460,135274083,256260,224440,464264,1069585,2542170,25842116,6470365,12257238,1051040000,9918204,10070806,29881222,2054308,29951194,355337,311668,2736719,10097910,152711,19460,703694,10337118,77684873,425608,73207,5113691,6464229,22431507,9066100,49258726,2003942,38469512,1528781,40652146,4902206,711770,56654703,45328,85641,827107,56550268,4662900,12783617,5470716,755791,872163,352116,9934300,99953,53200,7884034,116576,770439,4281167,4701417,6337275,10648713,164982452,64277,784360012,3538082,47347197,15555807,241405,56593071,2335510,2900055,120837000,15665594,19877078,3990300,7714894,63989,41874,40805744,1735278,3687889,2651992,2145756,3873781,126246,27286,16176282,1526132,3544543,366706,2578873,11066,22499111,28836,2867878,10063493,189540,75983486,38331,1981536,7831888,336452,37977087,605398,1921889,28719,12764385,1780033,1020528,7268271,15598924,1198149,154450,6915994,83562776,3734343,14491632,4152516,16858315,8501,3247100,1498413,92191505,2219200,19772871,54275836,13534,4081022,37201885,3377000,18877226,10023613,3676206,177024,370886,22732999,143858000,6146884,13118998,17210182,6471329,2735957,270787,3805304,4936803,22794,6648628,7504000,5220748,104926,368636,5161768,1941641,8350386,699077,19127,65244,10648633,9974,5095400,3252997,52026901,4537820,3244024,657061,93896,1170296,7329590,49133928,8211,21633799,14559357,50917000,3011519,237924000,18061283,104503,17319513,13951,100760,60896732,129989,159995,1682000,9572170,32678876,6923148,8877489
62645,11736177,10320116,3022635,46520,1446386,30698964,3392264,41114,61754,16018400,7569794,6778631,4886745,9861823,4404504,7930689,93187593,8958171,433478,239020,4435925,10043000,169569,57382,6309129,138108915,257117,230917,478683,1110948,2597765,26100278,6504124,12445833,1066790000,10307268,10395481,30683877,2112359,30572479,365765,316613,2810245,10183894,152662,20426,712335,10342227,77720436,454359,72531,5120534,6596967,23102386,9292481,50602360,2064803,38584624,1540190,41965696,4918154,718642,56976126,45812,87904,850052,56681396,4704500,13164839,5629420,791141,892530,369024,9967213,100183,53500,8104921,119228,764447,4410270,4721446,6478537,10630564,168374287,65200,801975250,3539690,49260263,15909764,243180,56596155,2358165,3015294,121482000,15852524,20622560,4066500,7960952,65504,41479,41213674,1832302,3794204,2660873,2158434,3994601,128448,27552,16408861,1561687,3578914,368355,2599892,14561,22980334,29050,2893584,10352117,196262,77599105,40212,1987538,7952863,342121,38698484,607711,1976313,32377,12808566,1829678,1028360,7666390,16043736,1239923,157350,7118885,85766396,3823133,14572278,4167354,17239677,8679,3246300,1561180,95215375,2268500,20230385,55755346,13835,4186499,37456119,3409554,19156791,10032734,3783074,181807,397739,22836841,144894000,6443748,13794167,17757494,6670665,2733373,278834,3916685,5002339,23046,6736751,7536000,5328167,107429,374133,5193838,1965964,8369829,723599,21028,65652,11004273,10365,5247281,3363040,52980105,4687328,3324462,671747,94081,1183382,7517854,50128548,8341,22296282,15070319,51097000,3030651,240133000,18515579,105217,17772000,14646,100842,62293859,132988,160552,1717000,9941102,33495956,7146965,9200150
61838,11604538,10689247,3083605,48459,1533526,31184411,3451947,42741,61713,16263900,7574586,6893486,5027143,9870234,4535262,8140080,95671159,8971359,448981,243265,4479516,10111000,174333,57849,6442824,140891606,258012,237565,494313,1154904,2646836,26446601,6545106,12642917,1084035000,10698188,10731058,31528702,2171319,31195417,376647,321137,2884856,10286645,151456,21539,723384,10347318,77839920,490337,71842,5127024,6729930,23774287,9522362,51991696,2127421,38684815,1552221,43329238,4932123,721776,57302642,46340,89985,873871,56802050,4743500,13552021,5801323,831011,912755,382977,10000595,99425,54100,8332446,121923,757451,4542218,4739745,6618742,10612741,171702756,66476,819682095,3540057,51193782,16257072,245859,56601931,2375400,3131800,122069000,16039253,21382111,4144600,8198082,67244,41041,41621690,1938916,3905530,2667957,2153312,4109717,130868,27835,16643956,1596395,3616367,370750,2626583,19274,23447256,29156,2918487,10647753,203024,79200081,42168,1992278,8062216,344485,39404350,608144,2033351,36371,12786353,1879756,1036082,8141140,16522004,1286796,160500,7328934,88048029,3909672,14665037,4186905,17623697,8868,3274400,1619871,98285762,2318259,20691285,57263835,14121,4292575,37668045,3441850,19431992,10030031,3891725,186588,422154,22949430,145908000,6779981,14445663,18303430,6875746,2774789,286871,4038154,5067531,23297,6862267,7558000,5419808,110259,381033,5222840,1989776,8397804,748634,23157,68499,11360848,10717,5412844,3471738,53945872,4843997,3407310,686475,94318,1194532,7700733,51100930,8481,22971208,15612754,51293000,3049581,242289000,18976411,105905,18232733,15390,100901,63701974,136075,160962,1753000,10322044,34297727,7372835,9527202
61072,11618008,11068051,3142336,50433,1627068,31668939,3504667,44346,61758,16532200,7585317,7010027,5168703,9901664,4672844,8356313,98186350,8981446,465198,247451,4509462,10140000,179023,58347,6580318,143627505,258970,244405,509532,1200073,2693974,26791747,6593386,12847712,1101630000,11094740,11075423,32443784,2231462,31822527,387964,325744,2960932,10397519,149254,22775,736476,10355276,78144619,528993,71212,5129516,6863438,24443472,9755576,53399243,2185607,38766939,1561900,44757205,4946481,722924,57627106,46833,91984,898472,56928327,4790700,13947047,5982484,873440,933046,394973,10036983,98126,54800,8566331,124674,750641,4677023,4755207,6758222,10596487,174975953,67927,837468938,3524949,53077312,16612319,249740,56629288,2389415,3256552,122578000,16205998,22153685,4218400,8435909,69087,40633,42031247,2034850,4020817,2684682,2134105,4220451,133364,28135,16878186,1630993,3655049,373450,2653434,24374,23903592,29232,2940177,10952396,209787,80788725,44092,1995508,8171525,347325,40085653,607413,2089709,40294,12758003,1930427,1043239,8636686,17022470,1336545,163650,7548429,90395278,3995529,14760094,4209488,18020755,9058,3283400,1678119,101389603,2368556,21153462,58794999,14400,4399320,37824487,3473898,19708316,10019610,4001678,191260,443611,23057662,146857000,7088194,15070082,18867559,7086624,2846108,294976,4156636,5133273,23548,7005226,7572000,5485288,113288,388877,5250596,1995196,8436489,773774,25334,68755,11719064,11091,5589624,3577469,54891520,5001172,3493892,701812,94592,1204150,7880333,52053764,8637,23670807,16180129,51521000,3068714,244499000,19443890,106533,18698850,16155,100952,65120432,139319,161369,1791000,10730864,35100905,7598270,9849129
61033,11868873,11454784,3227943,52452,1725676,32148137,3536473,45894,62007,16814400,7619567,7126877,5307069,9937697,4820020,8579818,100695496,8876972,481081,251738,4507819,10170000,183471,58841,6721117,146328305,259961,251456,522173,1244484,2745735,27276781,6646912,13058758,1118650000,11502453,11425807,33464767,2293161,32457497,399638,331180,3039015,10503967,146937,24028,751043,10361068,78751283,563855,70722,5132594,6997877,25106192,9991870,54788680,2231144,38827764,1568131,46272308,4964371,724602,57940199,47159,94062,923714,57076711,4803300,14353409,6167480,915631,953782,406620,10089498,96932,55300,8805995,127525,745581,4814696,4767260,6897755,10481719,178209147,69263,855334675,3511009,54822005,16994942,252852,56671781,2403464,3399333,123069000,16249500,22935088,4307500,8691331,70849,40354,42449038,2092786,4138845,2726438,2106429,4328935,135787,28449,17106752,1666564,3684255,377100,2666955,28723,24355624,29309,2957047,11268653,216502,82368930,45827,1996863,8296919,350722,40731439,606571,2141005,43542,12805950,1981902,1051260,9075568,17528961,1386011,166898,7780242,92788039,4082958,14848907,4226901,18445021,9275,3299200,1741155,104512874,2419424,21614193,60340768,14704,4506996,37961529,3505650,19993757,10005000,4112396,195728,461688,23161458,147721000,7276983,15666289,19476653,7303511,2930901,303272,4254434,5200608,23833,7133263,7581000,5511582,116313,397082,5275942,1996351,8492964,798498,27280,69167,12080439,11550,5773930,3678567,55772169,5149872,3585867,718736,94848,1212858,8060211,52992479,8787,24411744,16763041,51773000,3088603,246819000,19918119,107071,19166474,16867,101041,66550231,142801,161935,1827000,11189185,35930056,7820199,10153852
62152,12412311,11848385,3286542,54508,1828437,32618648,3538164,47351,62533,17065100,7677850,7175200,5438959,9967379,4978489,8811033,103171957,8718289,495927,256227,4463422,10189348,187554,59326,6864839,149003225,260933,258714,530801,1286756,2806740,27691138,6715519,13274617,1135185000,11924873,11780086,34612023,2356740,33102569,411598,337953,3119436,10596986,145400,25307,766616,10333355,79433029,590393,70422,5140939,7133491,25758872,10230931,56134478,2258649,38867322,1569174,47887864,4986431,728575,58235716,47276,96304,949493,57247586,4802000,14773274,6352282,955595,975265,419188,10196792,96328,55600,9050115,130480,743306,4955302,4777368,7037915,10373988,181413398,70292,873277799,3513974,56366212,17419113,254826,56719240,2419901,3565888,123478000,16348000,23724574,4391200,8975597,72394,40260,42869283,2095350,4258471,2803032,2075917,4436663,138019,28790,17325769,1703757,3697838,381850,2663151,31522,24807461,29433,2969097,11598647,223159,83943135,47265,1996218,8449915,354170,41335188,606372,2184139,45752,12987292,2034347,1058775,9404499,18029824,1432899,170899,8026592,95212454,4173435,14951510,4241473,18905480,9506,3329800,1812158,107647918,2470946,22071433,61895169,15063,4615843,38110782,3537000,20293057,9983218,4223413,199906,476275,23201835,147969407,7288883,16233786,20147592,7526306,3047132,311869,4319763,5270074,24124,7225089,7586000,5492620,119211,405169,5299187,1998161,8558835,822423,28814,69507,12446168,12115,5963250,3774310,56558196,5283811,3683978,737814,95069,1221121,8242509,53921758,8910,25203848,17354395,51891400,3109598,249623000,20510000,107489,19632665,17489,103963,67988855,146575,162797,1862000,11709987,36800507,8036849,10432409
64623,13299016,12248901,3266790,56666,1937159,33079002,3505249,48682,63363,17284000,7754891,7271300,5564923,10004486,5149496,9050086,105599125,8632367,509762,261007,4369320,10194050,191136,59021,7011456,151648007,261912,266208,534637,1326321,2878507,28037420,6799978,13495255,1150780000,12362404,12137912,35908240,2422312,33758328,423873,346229,3202083,10673534,144403,26540,783121,10308578,80013896,606843,70377,5154298,7270413,26400468,10472476,57424552,2266356,38966376,1561314,49609976,5013740,735398,58559309,47123,98779,975785,57424897,4835900,15207360,6534936,992671,997522,432844,10319927,96462,55500,9296814,133553,744477,5098594,4689022,7178611,10373400,184591897,70928,891273202,3534235,57679025,17889457,257797,56758521,2439329,3760493,123964000,16451711,24521714,4463600,9289298,73692,40381,43295704,2031297,4379234,2921700,2040141,4544245,140001,29166,17535732,1742534,3704134,387000,2650581,32441,25260407,29629,2975523,11942809,229743,85512621,48403,1993304,8635528,363845,41890192,607105,2217918,46662,13328029,2087914,1070266,9600361,18519941,1476399,175362,8288739,97667632,4267570,15069798,4261732,19405506,9766,3495100,1893761,110778655,2523115,22522383,63454785,15442,4725543,38246193,3562110,20609151,9960235,4334348,203716,487354,23001155,148394216,7083928,16772695,20891442,7755503,3135083,320781,4348663,5342190,24454,7274026,7595636,5420179,121949,413009,5303294,1999429,8617375,845267,29852,70439,12815400,12815,6157085,3862998,57232471,5400636,3789188,759526,95243,1229108,8427851,54840595,9014,26056605,17953534,52000500,3131657,252981000,20952000,107772,20096314,18007,104807,69436956,150718,164000,1898000,12302127,37718952,8246662,10681008
68240,14485543,12657361,3247039,58882,2052892,33529320,3442820,49900,64459,17495000,7840709,7382050,5685569,10045158,5331805,9297110,107983708,8540164,523082,266028,4233673,10216470,194324,58595,7160917,154259382,262890,273888,534525,1363541,2959236,28371264,6875364,13719818,1164970000,12812428,12499499,37333917,2489945,34422568,436454,355763,3286525,10736386,143912,27784,800610,10319123,80624598,615050,70546,5171370,7408339,27028330,10716131,58666812,2257593,39157685,1533091,51423591,5041992,744470,58851216,46746,101386,1002573,57580402,4873500,15653345,6716032,1027476,1020353,447269,10399061,97161,55300,9544055,136693,748596,5244677,4575818,7319491,10369341,187739786,71262,909307018,3558430,58780376,18402740,261057,56797087,2461047,3977667,124425000,16439095,25326080,4515400,9623899,74767,40691,43747962,,4500346,3076133,2001612,4650896,141758,29552,17736827,1782284,3700114,392175,2614338,31816,25711410,29859,2977130,12301338,236271,87075136,49242,1988659,8850334,367618,42401686,608516,2243495,46473,13805999,2142645,1084441,9685974,19002660,1516951,179799,8566773,100161708,4364514,15184166,4286401,19938322,10030,3531700,1983272,113911126,2575949,22966822,65020124,15859,4836216,38363667,3585176,20937407,9952494,4445019,207238,495403,22794284,148538197,6702239,17282686,21696240,7990090,3230698,330004,4347727,5416327,24830,7295380,7646424,5305449,124574,420658,5305016,1996498,8668067,866995,30458,70763,13187669,13639,6356741,3945902,57811025,5502490,3899843,783204,95398,1236685,8613855,55748946,9110,26961204,18561668,52150400,3154459,256514000,21449000,107941,20557694,18443,105712,70883488,155176,165490,1932000,12954157,38672611,8451346,10900511
72495,15816601,13075044,3227287,60974,2173135,33970103,3363111,51025,65777,17667000,7905633,7494800,5798054,10084475,5521761,9552473,110350641,8472313,536212,271065,4078940,10239050,197625,58910,7312857,156849086,263869,281684,532590,1399110,3046148,28684764,6938265,13944934,1178440000,13271638,12864091,38815835,2559880,35091272,449270,366057,3372298,10789312,144299,29068,818750,10329855,81156363,618504,70818,5188628,7546467,27635517,10961460,59880656,2238631,39361262,1494128,53295556,5066447,754962,59106758,46277,103901,1029769,57718614,4911100,16106756,6897171,1060861,1043421,462637,10460415,98234,55200,9790619,139813,754141,5394416,4600463,7460684,10357523,190851184,71431,927403866,3576261,59723761,18955087,263725,56831821,2484583,4201559,124829000,16380672,26136217,4516700,9970727,75711,41141,44194628,,4619946,3246129,1976701,4755134,143402,29987,17924827,1822237,3682613,397475,2563290,30194,26155204,30145,2973114,12675469,242596,88625440,49828,1984024,9087173,371308,42889992,610170,2263196,45763,14370950,2198538,1097374,9710335,19484901,1555098,184496,8860297,102700751,4462496,15290368,4311991,20489973,10287,3572200,2072106,117086680,2629584,23408135,66593904,16285,4949053,38461408,3615497,21265832,9964675,4555518,210644,501479,22763280,148458777,6263758,17763297,22527837,8226749,3313471,339501,4328965,5490478,25208,7315864,7699307,5185712,127066,428028,5325305,1991746,8718561,887706,30765,72253,13565074,14526,6563925,4029044,58337773,5593317,4010789,806867,95556,1243605,8795934,56653808,9194,27887204,19175986,52179200,3177734,259919000,21942000,108036,21016900,18783,106578,72300308,159743,167117,1965000,13634082,39633754,8656484,11092775
76705,17075728,13503753,3207536,62676,2294377,34402669,3283664,52099,67201,17855000,7936118,7596550,5898964,10115603,5714215,9816584,112737684,8443591,549590,275849,3936527,10226955,201679,59320,7466792,159432717,264893,289452,531905,1434061,3135017,29000663,6993795,14166346,1191835000,13735438,13230978,40252973,2632345,35758978,462280,376409,3458829,10838461,144630,30521,837104,10333587,81438348,622364,71044,5206180,7683707,28213777,11207999,61095804,2218436,39549108,1462514,55180993,5088333,765607,59327200,45848,106030,1057252,57865745,4836076,16561677,7081119,1094219,1066345,479099,10512922,99345,55500,10037522,142806,758896,5548969,4652024,7602318,10343355,193917458,71662,945601828,3590386,60590608,19539348,266021,56843400,2509042,4410357,125178000,16145766,26950508,4515100,10317901,76668,41618,44641540,,4735837,3403359,1986491,4854871,145080,30415,18094474,1861323,3657144,402925,2520742,28482,26584473,30436,2964277,13066544,248582,90156396,50214,1981713,9334893,374797,43383421,611389,2280475,45361,14948050,2255520,1112846,9745695,19977508,1591826,189482,9168316,105293701,4559010,15382838,4336613,21040899,10496,3620000,2148416,120362764,2684117,23851405,68180846,16735,5065664,38542652,3649237,21577979,9991525,4666096,214196,507044,22730211,148407912,5936253,18214475,23338465,8461066,3419048,349273,4309780,5561916,25588,7372592,7734639,5111371,129426,435099,5346331,1989443,8780745,907622,30950,74205,13950486,15399,6781057,4120615,58875275,5679169,4115105,827828,95739,1249527,8967916,57564209,9259,28792649,19793541,51921400,3201149,263126000,22377000,108059,21474553,19068,107318,73651220,164128,168689,1997000,14297617,40564061,8869745,11261752
80324,18110662,13945205,3187784,63860,2415099,34828168,3217349,53158,68672,18072000,7948278,7684850,5987044,10136811,5905552,10089880,115169933,8406067,563698,280179,3829049,10193831,206962,59746,7622334,162019889,265955,297112,534629,1469173,3222662,29302311,7040687,14380864,1204855000,14199759,13599984,41576239,2707532,36421438,475394,386288,3545524,10888246,145139,32161,855391,10327253,81678051,630385,71105,5233373,7819239,28757788,11455205,62334025,2204227,39724050,1436634,57047906,5107790,775428,59541904,45625,107535,1084951,58019030,4657722,17014058,7269631,1128577,1088850,496768,10562153,100286,55800,10286786,145559,761298,5709010,4620030,7744509,10328965,196934257,72133,963922586,3608841,61442658,20149342,267468,56844303,2533705,4588842,125472000,15816243,27768297,4560400,10656145,77716,42077,45092991,1605907,4846477,3528379,2044657,4948796,146871,30884,18242917,1898598,3629102,408625,2485056,27320,26994255,30731,2952307,13475403,254144,91663290,50454,1983259,9585660,377419,43901598,611712,2298017,45872,15483277,2313630,1122457,9844418,20487604,1627866,193816,9490289,107948339,4652185,15459006,4359184,21576074,10626,3673400,2204267,123776835,2739667,24299168,69784087,17158,5187063,38594998,3683103,21862300,10026176,4776838,218064,513447,22684270,148375787,5836490,18638790,24094741,8690155,3524506,359276,4303953,5628602,25925,7491647,7625357,5118084,131679,441851,5361999,1989872,8826939,926836,31164,75304,14345491,16221,7010159,4226293,59467272,5764806,4207841,844333,95972,1254200,9125400,58486453,9298,29649128,20413157,51512800,3224275,266278000,22785000,108043,21931087,19307,107818,74910462,168161,170050,2029000,14913313,41435761,9096608,11410721
83211,18853444,14400722,3168033,64363,2539121,35246376,3168213,54209,70176,18311000,7959017,7763000,6060110,10156637,6094272,10372734,117649927,8362826,578661,283980,3764419,10159569,213660,60129,7779268,164614682,267047,304620,541471,1504724,3308235,29610218,7071850,14587367,1217550000,14665125,13970812,42757239,2785815,37076387,488625,395533,3632361,10939285,146306,34065,873426,10315241,81914831,643649,70933,5263074,7952766,29266415,11703169,63601632,2196467,39889852,1415594,58883531,5124573,784389,59753095,45624,108311,1112944,58166950,4491699,17462504,7463782,1164091,1110835,515844,10608800,101003,55900,10536942,148061,760801,5874814,4557097,7887312,10311238,199901231,72884,982365248,3637510,62294919,20783073,268916,56860281,2558631,4732848,125757000,15578227,28589456,4628400,10982919,78904,42472,45524681,1626858,4951189,3610663,2160480,5036173,148837,31354,18367290,1934294,3601613,414225,2457222,26854,27383472,31001,2946401,13902697,259178,93147045,50523,1989441,9837575,379905,44452203,611003,2316571,47518,15960445,2372900,1133996,10022783,21017619,1663378,197564,9826600,110668784,4741571,15530498,4381336,22090352,10677,3732000,2236652,127349293,2796291,24753825,71401743,17599,5314258,38624370,3724655,22113428,10063945,4887638,222323,522531,22619004,148160129,6013112,19033843,24782384,8912872,3670704,369517,4312660,5689943,26253,7682683,7617794,5221925,133799,448207,5373361,1988628,8840998,945506,31434,76417,14754148,16930,7250974,4348808,60130190,5851354,4287337,855358,96267,1257547,9267335,59423278,9317,30444523,21032817,51057800,3247383,269394000,23225000,107983,22385650,19508,108095,76068739,171721,171165,2059000,15469274,42241007,9339740,11541215
85450,19357126,14871572,3148281,64318,2671361,35657438,3133081,55227,71707,18517000,7968041,7838250,6122130,10181245,6281644,10665552,120160571,8312068,594927,287363,3736070,10117433,221575,60497,7937453,167209046,268183,311962,551713,1540424,3392432,29905948,7088906,14786227,1230075000,15130674,14344444,43827191,2867283,37723803,501955,404248,3718952,10989730,146956,36155,891190,10304131,82034771,660858,70592,5284991,8084407,29742980,11951457,64892269,2195192,40057389,1399535,60697443,5139835,792736,59964841,45789,108473,1141332,58316954,4349913,17908977,7662071,1200522,1132505,536459,10661259,101567,56000,10788362,150303,757975,6045704,4534920,8030721,10290486,202826444,73851,1000900028,3674171,63136309,21439579,271128,56890372,2583914,4848536,126057000,15334405,29415660,4696400,11298594,80188,42857,45953580,1710257,5050308,3658425,2326210,5118008,150920,31830,18470897,1968054,3575137,419450,2432851,26910,27754573,31268,2935524,14347860,263836,94611008,50453,1996869,10094363,382791,45027223,609520,2335744,50052,16397175,2433567,1148284,10264906,21562790,1698029,201418,10178196,113457661,4827658,15610650,4405157,22584772,10643,3781300,2249759,131057432,2853907,25210957,73030879,18016,5446633,38649660,3759430,22335263,10108977,4998096,226854,535320,22553978,147915361,6419898,19407138,25413912,9130876,3796038,379998,4335295,5746288,26563,7936122,7596501,5411653,135831,454165,5383291,1985956,8846062,963416,31731,77319,15175308,17566,7503494,4485945,60846588,5938404,4355125,861870,96621,1259838,9395119,60372571,9328,31192853,21655392,50594600,3270158,272657000,23667000,107895,22837743,19660,108357,77133212,174917,172065,2086000,15975676,42987456,9597610,11653254
87280,19737770,15359600,3128530,64140,2813214,36063451,3108691,56180,73219,18711000,7976789,7913000,6185564,10203008,6470275,10968722,122682818,8256786,613697,290600,3734338,10071963,230248,60943,8096761,169785253,269334,319135,564378,1575827,3475485,30155173,7110001,14977736,1241935000,15589407,14723772,44849968,2951651,38364307,515382,412513,3803893,11038706,144472,38330,908710,10294373,82047195,680465,70183,5304219,8214427,30192750,12198449,66200259,2206439,40223509,1386156,62507724,5153498,800148,60186284,46094,108206,1170061,58487141,4243607,18357159,7860772,1238124,1154372,558496,10720509,102023,56100,11046215,152274,753778,6220405,4532135,8174680,10266570,205724597,74936,1019483586,3712696,63971836,22114330,274047,56906744,2608874,4943975,126400000,15071640,30250488,4769000,11600510,81558,43225,46286503,1831121,5144601,3693514,2517472,5196774,153023,32306,18564595,1997524,3549331,424700,2410019,27388,28110447,31554,2934339,14808791,268445,96056313,50356,2007523,10360564,385287,45611220,607662,2355667,52999,16813946,2496217,1160421,10552345,22114647,1731635,205279,10545720,116319763,4910642,15707209,4431464,23057875,10567,3815000,2251859,134843233,2912318,25658070,74672009,18409,5581767,38663481,3781101,22536754,10160196,5107840,231562,551566,22507344,147670784,6962800,19783301,26015518,9347777,3927213,390702,4381484,5797764,26851,8235064,7567745,5661934,137855,459838,5390516,1981629,8850974,979922,31240,78846,15599588,18228,7770053,4632451,61585103,6027395,4413477,866523,97036,1261699,9509862,61329665,9332,31924201,22290787,50144500,3291053,275854000,24051000,107807,23288567,19820,108537,78115712,177987,172839,1966000,16450306,43682259,9866474,11747079
89009,20170847,15866871,3108778,64368,2966029,36467218,3089020,57049,74674,18926000,7992324,7982750,6267132,10226419,6664102,11282696,125189655,8210624,636540,294063,3743353,10026738,238979,61285,8257066,172318674,270455,326214,577886,1610260,3558019,30401286,7143991,15162801,1252735000,16032573,15112598,45919615,3038432,38999468,528853,420456,3885428,11084673,139428,40423,926049,10283860,82100243,699973,69828,5321799,8343288,30623406,12442109,67515591,2237412,40386875,1390244,64343008,5165474,806302,60496708,46428,107769,1199058,58682466,4157192,18812369,8054745,1277118,1177133,581765,10761698,102429,56100,11311078,153955,749676,6397140,4512597,8319070,10237530,208615171,75996,1038058154,3754786,64800875,22802061,277381,56916317,2632677,5031754,126631000,14928374,31098763,4840400,11886464,82969,43622,46616677,1951642,5235339,3747762,2699708,5275921,154988,32765,18663293,2019732,3524238,430475,2390482,28122,28455504,31836,2929735,15282524,273522,97484823,50418,2017142,10642937,387578,46181075,606001,2376228,55633,17244176,2561584,1175267,10854325,22661293,1763861,209214,10929922,119260055,4991041,15812088,4461913,23509971,10449,3835100,2254898,138624625,2971197,26078295,76325927,18773,5716166,38660271,3800081,22731470,10217828,5216346,236217,570486,22472040,147214776,7501238,20194531,26626512,9568717,3958723,401592,4462374,5844834,27141,8553595,7540401,5933884,139964,465380,5396020,1983045,8857874,994105,31084,80410,16013992,19069,8053532,4780455,62298569,6119664,4466133,873138,97475,1263927,9613587,62287391,9344,32682240,22952406,49674000,3308005,279040000,24311650,107763,23739835,20026,108599,79035871,181259,173606,1762000,16921157,44338551,10140564,11822722
90866,20779957,16395477,3089027,65390,3134067,36870796,3069597,57816,76007,19153000,8011566,8048600,6378871,10251250,6865946,11607951,127657862,8170172,664610,298045,3751176,9979610,247310,61833,8418270,174790339,271511,333166,591014,1643333,3640421,30685730,7184250,15342350,1262645000,16454660,15513944,47105830,3127420,39629965,542358,428178,3962369,11126423,133860,42305,943288,10255063,82211508,717577,69650,5339616,8471317,31042238,12681123,68831561,2292413,40567864,1396985,66224809,5176209,811011,60912500,46738,107405,1228359,58892514,4077131,19278850,8240735,1317708,1201305,606180,10805808,102837,56200,11589761,155323,746718,6574510,4468302,8463802,10210971,211513822,76942,1056575548,3805174,65623397,23497589,281205,56942108,2654698,5122495,126843000,14883626,31964557,4898400,12155241,84405,44083,47008111,2045123,5323701,3842774,2848447,5357893,156737,33184,18777606,2032805,3499536,436300,2367550,28935,28793672,32148,2923783,15766806,279396,98899845,50754,2026350,10946448,390087,46719698,604950,2397417,57453,17711925,2630217,1186873,11148751,23194252,1794583,213230,11331561,122283853,5069310,15925513,4490967,23941099,10335,3857700,2267973,142343583,3030333,26459944,77991757,19104,5847590,38258629,3810605,22929078,10289898,5323202,240681,592467,22442971,146596869,7933688,20663840,27275019,9797731,4027887,412665,4584570,5887930,27460,8872250,7516346,6199396,142264,470944,5388720,1988925,8872109,1005432,30519,81131,16410847,20171,8355654,4924406,62952639,6216329,4516128,884366,97962,1267159,9708347,63240196,9392,33499177,23650159,49176500,3319734,282162411,24650400,107787,24192449,20313,108642,79910411,184964,174454,1700000,17409071,44967713,10415942,11881482
92892,21606992,16945753,3060173,67344,3302722,37275644,3050686,58496,77212,19413000,8042293,8111200,6525546,10286570,7076728,11944589,130088709,8009142,697550,302618,3755514,9928549,255068,62504,8580244,177196051,272494,340037,603643,1674674,3722016,31020902,7229854,15516112,1271850000,16853027,15928910,48428534,3217930,40255956,555895,435701,4034074,11164676,129047,43934,960274,10216605,82349925,733019,69671,5358783,8598599,31451513,12914660,70152662,2374721,40850412,1388115,68159422,5188008,813923,61357432,46999,107170,1258008,59119673,4014373,19756929,8417082,1360070,1227105,631662,10862132,103242,56350,11871565,156395,745206,6751912,4299642,8608810,10187576,214427419,77707,1075000094,3866243,66449111,24208178,284968,56974100,2674706,5217328,127149000,14858335,32848569,4945100,12405411,85844,44602,47370164,2103273,5409584,3990999,2953928,5443249,158184,33543,18911727,2035738,3470818,441525,2337170,29847,29126323,32474,2917252,16260933,286309,100298152,51411,2034882,11271603,393028,47225119,607389,2419594,58319,18221884,2702405,1196287,11432001,23709115,1823667,217324,11751364,125394046,5145367,16046180,4513751,24347113,10219,3880500,2294959,145978408,3089641,26799289,79672869,19390,5974627,38248076,3818774,23132982,10362722,5428442,244929,615013,22131970,145976482,8231150,21202646,27971077,10036102,4138012,423949,4754069,5927001,27818,9186719,7503433,6447791,144760,476574,5378867,1992060,8895960,1013608,30600,81202,16766555,21578,8678049,5062571,63539190,6318510,4564087,901214,98482,1271627,9793915,64192243,9478,34385849,24388974,48662400,3325471,284968955,24964450,107893,24646471,20675,108549,80742500,189209,175394,1701154,17918369,45571272,10692197,11923906
94992,22600774,17519418,3051010,70048,3478769,37681743,3033976,59077,78298,19651400,8081957,8171950,6704118,10332785,7295400,12293097,132478077,7837161,735140,307657,3759389,9865548,262387,62912,8742822,179537523,273423,346777,616025,1704637,3802129,31360079,7284753,15684413,1280400000,17231539,16357605,49871670,3310376,40875363,569480,442955,4100922,11199664,129205,45347,976968,10196916,82488495,746947,69840,5375931,8724974,31855110,13143465,71485044,2481059,41431558,1379350,70142090,5200598,815257,61805266,47235,107027,1288310,59370479,3978515,20246376,8586077,1404263,1254454,658388,10902022,103636,56609,12147518,157173,744789,6929267,4302174,8754148,10158608,217357790,78318,1093317187,3931947,67284801,24931922,287523,57059007,2692843,5317514,127445000,14858948,33751746,4990700,12637719,87308,45168,47644736,2136991,5493247,4182205,3024727,5531097,159392,33885,19062476,2029832,3443067,446175,2310173,30913,29454765,32804,2910504,16765122,294185,101684764,52368,2020157,11616890,395969,47702163,609828,2443261,58412,18764147,2778097,1204621,11713663,24208391,1851519,221490,12189988,128596079,5219324,16148929,4538159,24725625,10102,3948500,2334860,149549695,3149195,27100964,81365260,19642,6098621,38230364,3823701,23339453,10419631,5531958,248976,640872,21730496,145306497,8427061,21805322,28704786,10283694,4175950,435434,4965770,5962139,28175,9501335,7496522,6688225,147450,482228,5376912,1994530,8924958,1019054,30777,83723,17084628,23230,9019226,5197040,64069093,6426861,4610018,922699,99023,1277210,9871261,65145357,9593,35334790,25167261,48202470,3326046,287625193,25271850,108095,25100407,21128,108509,81534406,193927,176410,1702310,18443684,46150913,10971704,11954293
97016,23680871,18121477,3039616,73180,3711931,38087866,3017938,59495,79311,19895400,8121423,8234100,6909161,10376133,7520556,12654624,134791598,7775327,778708,313123,3762179,9796749,269428,63325,8905820,181809244,274331,353295,627840,1734387,3881185,31644028,7339001,15849649,1288400000,17599613,16800869,51425583,3406915,41483872,583213,449925,4164053,11229185,131897,46624,993562,10193998,82534176,759639,70102,5390574,8850317,32264159,13369678,72826102,2600972,42187645,1370720,72170581,5213014,816078,62244880,47439,106902,1319946,59647577,3951736,20750308,8753097,1449925,1283297,686670,10928070,104003,56765,12415334,157723,745142,7106323,4303399,8900108,10129552,220309473,78878,1111523146,3996521,68122947,25644503,289521,57313203,2709438,5434036,127718000,14909019,34678781,5043300,12856171,88840,45749,47892330,2161626,5576640,4388378,3077055,5620545,160530,34172,19224036,2018355,3415213,451630,2287955,32055,29782884,33144,2902320,17279139,302681,103081020,53465,2026773,11982692,398582,48148907,612267,2468765,57954,19331097,2857150,1213370,12000183,24698821,1879113,225296,12647983,131900634,5292115,16225302,4564855,25080880,9990,4027200,2386164,153093371,3209056,27372217,83051970,19812,6223378,38204570,3826095,23542434,10458821,5632983,252707,681791,21574326,144648618,8557160,22456645,29460517,10541470,4114826,447016,5201074,5994075,28561,9815412,7480591,6935665,150405,487938,5373374,1995733,8958229,1022796,31472,82781,17415214,25008,9373913,5330629,64549867,6541550,4655752,947110,99591,1283564,9945282,66089402,9724,36337778,25980547,47812949,3323661,290107933,25567650,108322,25551624,21674,108505,82301650,198960,177481,1703466,18985001,46719203,11256740,11982219
98744,24726689,18758138,3026939,76250,4068577,38491970,3000715,59684,80347,20127400,8171966,8306500,7131688,10421137,7750003,13030576,136986429,7716860,829846,318893,3764194,9730146,276516,63740,9069044,184006479,275283,359434,638809,1765533,3959883,31940655,7389625,16014972,1296075000,17970493,17259322,53068869,3510468,42075953,597230,456619,4225156,11250369,134192,47899,1010410,10197101,82516260,771599,70387,5404523,8974444,32692153,13596390,74172073,2719809,42921895,1362550,74239508,5228172,817864,62704901,47600,106624,1353788,59987905,3927340,21272328,8925729,1496524,1313492,716949,10955141,104346,56911,12682108,158094,745737,7282953,4304600,9047082,10107146,223285666,79515,1129623466,4070262,68951279,26313838,292074,57685327,2725017,5580241,127761000,15012984,35635267,5104700,13066475,90498,46323,48082519,2200498,5662199,4569377,3135654,5710163,161821,34444,19387153,2005953,3377075,458095,2263122,33187,30115196,33499,2895147,17802992,311265,104514934,54476,2032544,12369078,401268,48564489,613353,2496394,57240,19910549,2939246,1221003,12301837,25190647,1907737,228750,13125914,135320420,5364930,16281779,4591910,25419337,9906,4087500,2445524,156664698,3269356,27624226,84710544,19861,6354247,38182222,3826878,23732740,10483861,5730556,255995,753332,21451748,144067316,8680516,23132686,30214189,10810086,4166664,458549,5433995,6023801,28942,10130251,7463157,7213354,153736,493680,5372280,1997012,8993531,1026287,32488,82475,17827827,26709,9734761,5467770,64995303,6662391,4703396,971889,100214,1290115,10022278,67010930,9871,37379766,26821300,47451626,3321486,292805298,25864350,108520,25996594,22329,108466,83062819,204123,178597,1704622,19540096,47291610,11550641,12019911
100028,25654274,19433604,3011487,78871,4588222,38892924,2981262,59557,81462,20394800,8227829,8391850,7364857,10478617,7982223,13421935,139035505,7658972,889157,324848,3765332,9663915,283798,64154,9232301,186127108,276320,365112,648744,1799077,4038380,32243753,7437115,16182713,1303720000,18354513,17733408,54785894,3622775,42647731,611625,463034,4285504,11261586,137658,49261,1027657,10211216,82469422,783248,70580,5419432,9097262,33149720,13825839,75523576,2826653,43653155,1354775,76346310,5246096,821606,63179356,47731,106135,1390550,60401206,3902469,21814648,9109585,1543745,1344931,749527,10987314,104658,56935,12948292,158406,746156,7458982,4310145,9195289,10087065,226289468,80293,1147609924,4159914,69762345,26922279,296734,57969484,2740000,5765639,127773000,15147029,36624897,5162600,13273355,92319,46852,48184561,2270196,5751675,4698761,3218114,5798615,163408,34718,19544988,1996115,3322528,465158,2238799,34252,30455563,33842,2888111,18336722,319604,106005199,55257,2036855,12775509,403834,48949931,614261,2526429,56547,20493927,3024198,1228254,12625950,25690615,1938316,232250,13624474,138865014,5438692,16319868,4623291,25744500,9848,4133900,2511254,160304007,3330222,27866140,86326251,19784,6494902,38165445,3821362,23904167,10503330,5824095,258780,865410,21319685,143518814,8840220,23816175,30949514,11090123,4265762,469918,5645629,6052124,29324,10446856,7440769,7535931,157472,499461,5372807,2000474,9029572,1030575,33011,82858,18361178,28181,10096630,5611643,65416189,6789318,4754652,995130,100908,1296497,10106778,67903461,9997,38450323,27684590,47105171,3321799,295516599,26167000,108617,26432445,23106,108453,83832662,209282,179722,1705780,20107416,47880595,11856244,12076697
100830,26433058,20149905,2992547,80995,5300172,39289876,2958301,59109,82715,20697900,8268641,8484550,7607850,10547958,8216893,13829173,140921154,7601022,958423,331032,3765422,9604924,291338,64523,9395449,188167353,277475,370262,657404,1835911,4118075,32571174,7483934,16354507,1311020000,18754914,18223677,56578046,3745143,43200901,626427,469171,4345421,11261241,141239,50729,1045508,10238905,82376451,794554,70718,5437272,9218681,33641007,14059379,76873670,2918209,44397319,1346810,78489205,5266268,827869,63621376,47793,105374,1430144,60846820,3880347,22379057,9307421,1591444,1377582,784494,11020362,104938,56774,13213330,158649,746335,7634295,4311159,9344784,10071370,229318262,81283,1165486291,4273591,70554756,27448124,303782,58143979,2754414,5991547,127854000,15308085,37649039,5218400,13477705,94341,47333,48438292,2373661,5846075,4759760,3329211,5886874,165378,34975,19695977,1989933,3269909,472637,2218357,35240,30804689,34189,2880095,18880265,327489,107560155,55765,2040228,13203378,405308,49301049,615025,2558854,55886,21080108,3111908,1233996,12973693,26201954,1971318,235750,14143969,142538305,5513757,16346101,4660677,26066687,9827,4184600,2580753,164022626,3391673,28102055,87888675,19545,6646891,38141267,3805214,24054866,10522288,5913212,261007,1022704,21193760,143049637,9043342,24498313,31661824,11382272,4401365,481086,5829240,6079395,29694,10763904,7411569,7907407,161676,505292,5373054,2006868,9080505,1036095,33441,84600,19059257,29394,10457122,5762881,65812540,6922590,4810114,1016437,101714,1302552,10201211,68756809,10118,39548666,28571475,46787786,3325403,298379912,26488250,108602,26850190,24022,108369,84617545,214379,180874,1719536,20687648,48489464,12173518,12155496
101226,27100542,20905360,2970017,82682,6168846,39684303,2932615,58367,84029,20827600,8295487,8581300,7862226,10625700,8454790,14252029,142660381,7545338,1035924,337387,3762791,9560953,299031,64888,9558438,190130445,278701,374967,664873,1875458,4198004,32889025,7551117,16530201,1317885000,19171250,18730283,58453687,3876123,43737512,641624,475067,4404626,11251117,144056,52280,1063708,10298828,82266372,805456,70797,5461438,9338856,34166976,14296554,78232124,2996540,45226803,1340680,80674343,5288720,836185,64016227,47825,104442,1472565,61322463,3860158,22963946,9518159,1639846,1411545,821686,11048473,105183,56555,13477017,158848,746477,7808520,4310217,9495336,10055780,232374239,82406,1183209471,4398942,71336476,27911242,311566,58438310,2768229,6255290,128001000,15484192,38705934,5268400,13679953,96531,47769,48683638,2504026,5944950,4767347,3461911,5974786,167644,35217,19842044,1986926,3231294,479993,2200325,36138,31163670,34524,2873429,19433520,335172,109170503,56046,2043559,13651455,406724,49621479,615875,2593819,55215,21673319,3202512,1239630,13341808,26720367,2006516,239250,14685404,146339971,5590066,16381696,4709153,26382586,9846,4223800,2657162,167808106,3453671,28333050,89405482,19159,6808503,38120560,3782995,24188330,10542964,5998430,262717,1218441,20882982,142805114,9273759,25184589,32360619,11687078,4588599,492133,5989641,6105810,30068,11080122,7381579,8315144,166297,511181,5374622,2018122,9148092,1042651,33811,85033,19878257,30383,10818031,5920360,66182064,7062667,4870142,1036388,102577,1308450,10304729,69581854,10219,40681416,29486335,46509355,3331753,301231207,26868000,108516,27247601,25050,108337,85419588,219464,182045,1733404,21282514,49119766,12502958,12255920
101362,27722281,21695636,2947314,83860,7089486,40080159,2907615,57490,85394,21249200,8321496,8763400,8126104,10709973,8696915,14689725,144304164,7492561,1114645,343680,3754261,9527985,306822,65273,9721457,192030362,279946,379418,671611,1915636,4273368,33247118,7647675,16708255,1324655000,19605568,19252674,60411195,4011487,44254972,657227,480846,4463123,11236975,145880,53835,1081568,10384603,82110097,816361,70829,5493621,9458079,34730604,14535740,79636081,3062782,45954106,1337090,82916236,5313399,845356,64374979,47822,103549,1518538,61806995,3848449,23563832,9738796,1689288,1446936,860839,11077841,105457,56328,13739299,159037,746815,7980955,4309705,9646570,10038188,235469755,83515,1200669762,4489544,72120608,28385739,317414,58826731,2781869,6556473,128063000,15776938,39791984,5318700,13883835,98760,48178,49054708,2656010,6046630,4764745,3607863,6058740,170011,35469,19983984,1987130,3198231,488650,2177322,36880,31536807,34860,2867964,19996476,343448,110815272,56166,2046898,14113578,409379,49929642,616969,2631899,54621,22276596,3296237,1244121,13727899,27236003,2043382,242750,15250913,150269622,5667436,16445593,4768212,26666581,9880,4259800,2750956,171648984,3516204,28562321,90901967,18708,6976200,38125759,3760866,24310143,10558177,6081296,264064,1436670,20537875,142742366,9524532,25888535,33060844,12004700,4839396,503366,6133599,6131767,30434,11397188,7350222,8736932,171122,517122,5379233,2021316,9219637,1049948,33964,86956,20664037,31200,11183589,6083417,66530980,7209924,4935765,1055428,103384,1314449,10414425,70418612,10315,41853944,30431734,46258189,3340221,304093966,27302800,108401,27635827,26096,108397,86243424,224700,183270,1747383,21892149,49779472,12848531,12379553
101452,28394806,22514275,2927519,84461,7917368,40482786,2888094,56675,86743,21691700,8343323,8947243,8397661,10796493,8944713,15141098,145924795,7444443,1185075,349600,3735945,9504583,314655,65636,9884790,193886505,281107,383902,678329,1953495,4337623,33628895,7743831,16886184,1331260000,20059147,19789922,62448572,4145400,44750054,673251,486667,4520739,11226711,146833,55321,1098089,10443936,81902307,827820,70848,5523095,9576736,35333882,14774412,81134789,3119920,46362946,1334515,85233923,5338871,853636,64707035,47814,102971,1568925,62276270,3814419,24170943,9964470,1740277,1483920,901589,11107017,105787,56323,14000190,159232,747718,8150780,4305181,9798046,10022650,238620554,84379,1217726217,4535375,72924833,28973157,318499,59095365,2795839,6893258,128047000,16092822,40901798,5383300,14093605,100928,48599,49307835,2821041,6148621,4813026,3754129,6133987,172223,35723,20123508,1990135,3162916,497783,2141669,37380,31929087,35223,2864346,20569115,353391,112463886,56255,2050671,14581427,412477,50250366,618294,2673794,54194,22894718,3393408,1247429,14128161,27735038,2081039,245950,15843131,154324939,5745538,16530388,4828726,26883531,9945,4302600,2876186,175525610,3579215,28792663,92414161,18290,7144774,38151603,3740410,24428340,10568247,6163970,265256,1654944,20367487,142785349,9782770,26630303,33783779,12335092,4987573,515182,6272735,6157678,30825,11717691,7320807,9142258,175877,523113,5386406,2039669,9298515,1057462,34238,87298,21205873,31933,11560142,6250840,66866834,7364752,5007953,1074286,103897,1320921,10525691,71321406,10413,43073830,31411096,46053331,3349676,306771529,27767400,108293,28031010,27035,108404,87092250,230244,184553,1761474,22516464,50477013,13215142,12526964
101665,29185511,23356247,2913021,84454,8549998,40788453,2877314,56084,88030,22031750,8363404,9054332,8675606,10895586,9199254,15605211,147575433,7395599,1240864,354936,3705478,9483836,322465,65124,10048597,195713637,282131,388634,685502,1987106,4386765,34004889,7824909,17062531,1337705000,20532944,20341236,64563853,4273738,45222699,689696,492644,4577371,11225833,148703,56672,1112617,10474410,81776930,840194,70877,5547683,9695117,35977451,15011114,82761244,3170437,46576897,1331475,87639962,5363352,859816,65027505,47803,102916,1624146,62766365,3786695,24779614,10192168,1793199,1522603,943640,11121341,106227,56905,14259687,159439,749430,8317467,4295427,9949318,10000023,241834226,84856,1234281163,4560155,73762519,29741977,318041,59277417,2810464,7261541,128070000,16321872,42030684,5447900,14312205,102930,49011,49554112,2991884,6249168,4953064,3891357,6197667,174092,35996,20261738,1995575,3097282,506953,2097555,37582,32343384,35609,2861487,21151640,365730,114092961,56361,2055004,15049352,414508,50600827,619428,2719902,53971,23531567,3494200,1250400,14539609,28208028,2118877,249750,16464025,158503203,5824058,16615394,4889252,27013207,10009,4350700,3041435,179424643,3642691,29027680,93966784,17954,7310512,38042794,3721525,24548840,10573100,6248017,266449,1856329,20246871,142849468,10039338,27421468,34545014,12678143,5076732,527861,6415636,6183877,31221,12043886,7291436,9508372,180372,529126,5391428,2048583,9378126,1064841,34056,89770,21362541,32658,11952134,6421674,67195032,7527397,5087211,1093517,103981,1328144,10635245,72326992,10521,44346532,32428164,45870741,3359273,309327143,28562400,108260,28439942,27796,108357,87967655,236216,185944,1775680,23154854,51216967,13605986,12697728
102050,30117411,24220660,2905195,83748,8946778,41261490,2876536,55755,89250,22340024,8391643,9173082,8958406,11038264,9460829,16081915,149273134,7348328,1278153,359583,3661173,9461643,330236,64564,10212951,197514541,282987,393687,693297,2015406,4418639,34339328,7912398,17233584,1345035000,21028652,20906392,66755151,4394842,45662747,706578,498858,4633086,11236671,150831,57877,1124837,10496088,80274983,853671,70912,5570572,9813219,36661438,15243885,84529251,3213969,46742697,1327439,90139928,5388272,863451,65342789,47815,103448,1684629,63258810,3756441,25387713,10420459,1848142,1562996,986861,11104899,106786,56890,14521515,159690,752029,8480670,4280622,10100320,9971727,245115988,84889,1250287939,4580084,74634959,30725305,319014,59379449,2825932,7662858,127833000,16557202,43178270,5514600,14541421,104735,49442,49936638,3168054,6347564,5202022,4017446,6247438,175538,36299,20398496,2003793,3028115,518347,2059709,37451,32781860,36025,2859833,21743970,380493,115695468,56524,2058539,15514593,416268,50990612,620079,2770357,54013,24187500,3598646,1252404,14962118,28650962,2156698,254350,17114770,162805080,5903035,16693074,4953088,27041220,10069,4384000,3251102,183340168,3706479,29264314,95570049,17748,7472196,38063255,3678732,24673392,10557560,6333981,267702,2035862,20147528,142960908,10293333,28267591,35349676,13033814,5183688,541522,6563238,6210567,31655,12376305,7234099,9830695,184521,535177,5398384,2052843,9449213,1072029,33435,87441,21081814,33371,12360986,6595939,67518379,7697507,5174076,1113154,103558,1336180,10741872,73443254,10626,45673520,33476772,45706086,3368926,311583481,29339400,108315,28887873,28326,108290,88871384,242658,187469,1791000,23807586,52003759,14023199,12894323
102565,31161378,25107925,2900401,82427,9141598,41733271,2884239,55669,90407,22733465,8429991,9295784,9245992,11106932,9729254,16571252,151005733,7305888,1299942,363581,3604972,9446836,338001,64798,10377677,199287292,283698,398997,701582,2039551,4436411,34714222,7996861,17400359,1354190000,21547188,21485267,69020749,4510197,46075721,723865,505241,4688003,11257112,152088,58963,1135046,10510785,80425823,868136,70954,5591572,9930916,37383899,15474099,86422240,,46773055,1322696,92726982,5413971,865065,65659814,47843,104506,1749677,63700215,3728874,25996454,10652032,1905020,1604981,1031191,11045011,107452,56810,14781942,159990,755388,8640692,4267558,10250922,9920362,248451714,84534,1265780243,4599533,75539881,31890012,320716,59539717,2842128,8089963,127629000,16792090,44343469,5607200,14780454,106359,49881,50199853,3348852,6444527,5537620,4135662,6285751,176654,36615,20425000,2014988,2987773,530946,2034319,37012,33241898,36459,2859458,22346641,397231,117274156,56712,2061044,15979492,420028,51413703,620601,2824698,54306,24862673,3706555,1255882,15396010,29068189,2194777,259000,17795209,167228803,5982530,16754962,5018573,26989160,10136,4408100,3498031,187280125,3770635,29506790,97212639,17635,7631003,38063164,3634488,24800638,10514844,6421510,268995,2196078,20058035,143201721,10549668,29154906,36193781,13401990,5312437,556066,6712586,6237922,32103,12715487,7199077,10113648,188394,541247,5407579,2057159,9519374,1079285,34640,88303,20438861,34067,12784748,6773807,67835969,7874838,5267906,1133002,102736,1344814,10846993,74651046,10744,47053033,34558700,45593342,3378975,313877662,29774500,108435,29360827,28654,108188,89801926,249505,189089,1807106,24473176,52832659,14465148,13115149
103165,32269592,26015786,2895092,80770,9197908,42202935,2897593,55717,91510,23128129,8479823,9416801,9540302,11159407,10004594,17072791,152761413,7265115,1315029,367162,3542598,9443211,345707,65001,10542375,201035904,284294,404414,710235,2062551,4447945,35082954,8089346,17571511,1363240000,22087506,22077300,71358804,4622757,46495492,741511,511740,4742111,11282722,153822,59933,1143866,10514272,80645605,883296,71019,5614932,10048226,38140135,15707473,88404652,,46620045,1317997,95385793,5438972,865602,65998685,47901,105922,1817070,64128273,3717668,26607641,10892821,1963708,1648259,1076412,10965211,108172,56483,15043981,160415,759281,8798524,4255689,10400672,9893082,251805314,83985,1280842119,4623816,76481963,33157061,323764,60233948,2858710,8518992,127445000,17035551,45519986,5719600,15026330,107887,50328,50428893,3526382,6541302,5913016,4248337,6320350,177505,36940,20585000,2028528,2957689,543360,2012647,36458,33715705,36899,2858692,22961259,415592,118827158,56933,2064032,16449854,425967,51852464,621207,2881783,54786,25560752,3817497,1258653,15839287,29468923,2233506,263650,18504287,171765819,6062462,16804432,5079623,26916795,10208,4442100,3764805,191260799,3835447,29773986,98871558,17603,7788388,38040196,3593077,24929500,10457295,6510273,270332,2336579,19983693,143506995,10811538,30052058,37072555,13782429,5399162,571329,6863975,6266076,32554,13063711,7164132,10355030,192076,547295,5413393,2059953,9600379,1086843,36607,89949,19578466,34733,13220433,6954721,68144519,8059782,5366376,1153288,101768,1353708,10952949,75925454,10849,48483132,35694519,45489648,3389436,316059947,30243200,108624,29781046,28850,108041,90752593,256637,190712,1818117,25147112,53687125,14926551,13350378
103776,33370804,26941773,2889104,79213,9214182,42669500,2912403,55791,92562,23475686,8546356,9535079,9844301,11209057,10286839,17586029,154517385,7223938,1336073,370625,3482106,9448515,353366,65138,10706517,202763744,284825,409778,719053,2088619,4464171,35437435,8188649,17758969,1371860000,22647672,22681853,73767445,4736965,46967706,759390,518276,4795390,11306909,155909,60848,1152297,10525347,80982500,898707,71091,5643475,10165182,38923688,15951832,90424668,,46480882,1314545,98094264,5461512,866447,66312067,47965,107444,1883801,64602298,3719414,27224480,11150970,2024037,1692433,1122273,10892413,108900,56295,15306316,161007,763371,8955579,4238389,10549007,9866468,255128076,83488,1295600768,4657740,77465769,34411949,327386,60789140,2875137,8918822,127276000,17288285,46700063,5835500,15274506,109387,50776,50746659,3690939,6639763,6261046,4359508,6362039,178307,37219,20778000,2043448,2932367,556319,1993782,36018,34192358,37320,2856950,23589897,435018,120355137,57183,2067471,16934213,434558,52280816,621810,2940111,55301,26286192,3930894,1260934,16289550,29866606,2273426,268050,19240182,176404931,6142734,16865008,5137232,26905982,10289,4516500,4027255,195305012,3901311,30090372,100513137,17625,7946733,38011735,3534874,25057793,10401062,6599524,271713,2459202,19908979,143819667,11083629,30916603,37977657,14174740,5469724,587079,7017153,6295124,32941,13423571,7130576,10554882,195727,553278,5418649,2061980,9696110,1095022,37685,91359,18710711,35371,13663562,7137997,68438748,8252828,5466324,1174333,101023,1362337,11063195,77229262,10973,49960563,36911530,45272155,3400439,318386329,30757700,108868,30042973,28985,107882,91713850,263888,192220,1812771,25823488,54544184,15399793,13586710
104339,34413603,27884380,2880703,77993,9262896,43131966,2925559,55806,93571,23815995,8642699,9649341,10160034,11274196,10575962,18110616,156256287,7177991,1371853,374200,3429362,9461076,360926,65237,10869732,204471759,285327,414914,727885,2120716,4493171,35702908,8282396,17969356,1379860000,23226148,23298376,76244532,4856093,47520667,777435,524740,4847805,11324777,157980,61721,1160987,10546059,81686611,913998,71175,5683483,10281675,39728020,16212022,92442549,,46444832,1315407,100835453,5479531,868632,66548272,48055,108886,1947690,65116219,3725276,27849203,11432096,2085860,1737207,1168575,10820883,109603,56114,15567419,161851,767433,9112904,4203604,10695540,9843028,258383257,83232,1310152392,4701957,78492208,35572269,330815,60730582,2891024,9266573,127141000,17542806,47878339,5956900,15521435,110927,51204,51014947,3835588,6741160,6532681,4472229,6418315,179131,37465,20970000,2059011,2904910,569604,1977527,35865,34663608,37723,2834530,24234080,454914,121858251,57444,2070226,17438772,445053,52680724,622159,2998433,55779,27042001,4046304,1262605,16745305,30270965,2314901,268700,20001663,181137454,6223234,16939923,5188607,27015033,10374,4609400,4267341,199426953,3968490,30470739,102113206,17665,8107772,37986412,3473232,25183832,10358076,6688746,273119,2565708,19815616,144096870,11369066,31717676,38902948,14578450,5535002,603133,7171909,6325121,33270,13797204,7095383,10715657,199439,559136,5423801,2063531,9799186,1104038,38825,93419,17997411,35979,14110971,7323162,68714519,8454019,5565283,1196294,100780,1370332,11179951,78529413,11099,51482638,38225447,45154036,3412013,320738994,31298900,109135,30081827,29148,107712,92677082,271128,193510,1788196,26497881,55386369,15879370,13814642
104865,35383028,28842482,2876101,77295,9360975,43590368,2936147,55739,94520,24190907,8736668,9757812,10488002,11331422,10872072,18646350,157977151,7127822,1425793,377923,3386263,9469379,368399,64554,11031822,206163056,285798,419791,736706,2159925,4537683,36109487,8373338,18209072,1387790000,23822726,23926549,78789130,4980996,48175048,795597,531140,4899336,11335108,159664,62564,1170189,10566332,82348669,929117,71307,5728010,10397738,40551398,16491116,94447071,,46484062,1315790,103603461,5495303,872406,66724104,48173,110215,2007882,65611593,3727505,28481947,11738434,2149134,1782434,1215181,10775971,110263,56186,15827690,162948,771363,9270794,4174349,10839976,9814023,261556386,83296,1324517250,4755335,79563991,36610632,335439,60627498,2906242,9554286,126994511,17794055,49051531,6079500,15766290,112529,51629,51217803,3956862,6845848,6714281,4586788,6492160,180028,37655,21203000,2075041,2868231,582014,1959537,36061,35126274,38070,2802170,24894370,475505,123333379,57723,2072490,17965448,455356,53045199,622303,3056358,56187,27829930,4163532,1263473,17205253,30684652,2358044,269350,20788789,185960244,6303970,17030314,5234519,27263430,10474,4714100,4479217,203631356,4037073,30926036,103663812,17718,8271766,37970087,3406672,25307665,10325452,6777878,274576,2654379,19702267,144342397,11668829,32443443,39847433,14993514,5607283,619438,7328846,6356137,33503,14185635,7058322,10832520,203221,564883,5430798,2065042,9923085,1113994,39969,94677,17465567,36558,14561658,7509952,68971313,8663575,5662371,1219289,101143,1377563,11303942,79827868,11232,53049231,39649173,45004673,3424139,323071755,31847900,109467,29851249,29355,107516,93640435,278326,194540,1777557,27168210,56207649,16363449,14030338
105361,36296111,29816769,2873457,76997,9487206,44044811,2944789,55617,95425,24601860,8797566,9854033,10827010,11375158,11175192,19193236,159685421,7075947,1494077,381749,3351534,9458989,375775,63873,11192853,207833825,286229,424481,745563,2205076,4596023,36545295,8451840,18470435,1396215000,24437475,24566070,81398765,5110701,48909844,813890,537499,4949955,11339255,160175,63382,1179685,10594438,82657002,944100,71460,5764980,10513111,41389174,16785356,96442590,,46593236,1317384,106399926,5508214,877460,66918020,48326,111461,2064812,66058859,3728004,29121464,12067516,2213900,1828146,1262008,10754679,110874,56172,16087418,164281,775218,9429016,4124531,10982367,9787966,264650969,83610,1338676779,4807388,80673888,37552789,343400,60536709,2920848,9785840,126785797,18037776,50221146,6198200,16009413,114153,52036,51361911,4056102,6953031,6819373,4702224,6580723,180955,37805,21444000,2091532,2828403,596336,1942248,36569,35581257,38392,2755158,25570511,496398,124777326,58053,2074502,18512429,467999,53382521,622373,3113788,56553,28649007,4282582,1264613,17670193,31104655,2402623,270000,21602388,190873247,6384843,17131296,5276968,27632682,10577,4813600,4665926,207906210,4106764,31444299,105172921,17809,8438038,37974826,3325286,25429816,10300300,6867058,276108,2724727,19588715,144496739,11980960,33101183,40813398,15419354,5612253,636030,7488427,6388124,33671,14589165,7020858,10910774,207086,570501,5439232,2066388,10057698,1124808,40574,95843,17095669,37116,15016761,7698476,69209817,8880270,5757667,1243260,102002,1384060,11433438,81116451,11365,54660345,41166588,44831135,3436645,325122128,32388600,109826,29402480,29567,107281,94600643,285499,195358,1791003,27834811,57009751,16853608,14236599
105846,37171922,30809787,2866376,77008,9630966,44494502,2951741,55461,96282,24982688,8840521,9939771,11175379,11427054,11485035,19751466,161376713,7025037,1569440,385635,3323929,9438785,383071,63919,11353140,209469320,286640,428960,754396,2254067,4666375,37065178,8514329,18729166,1402760000,25069226,25216261,84068092,5244363,49661056,832322,543764,4999443,11338146,159336,64172,1189262,10629928,82905782,958923,71626,5793636,10627147,42228415,17084359,98423602,,46797754,1321977,109224410,5515525,883490,67101930,48497,112640,2119275,66460344,3726549,29767108,12414292,2280092,1874304,1308966,10732882,111449,56023,16346950,165770,779007,9587523,4087843,11123183,9775564,267670549,84073,1352642283,4867316,81800204,38433604,352721,60421760,2934853,9965322,126529100,18276452,51392570,6322800,16249795,115842,52438,51606633,4137314,7061498,6859408,4818976,6678565,181890,37918,21670000,2108327,2801543,607950,1927174,37264,36029089,38682,2708214,26262313,515704,126190782,58412,2076217,19077755,484630,53708318,622227,3170214,56889,29496009,4403312,1265303,18143215,31528033,2448300,270650,22442831,195874685,6465502,17231624,5311916,28095712,10678,4900600,4829476,212228288,4176868,31989265,106651394,17911,8606324,37974750,3193354,25549606,10283822,6956069,277673,2781682,19473970,144477859,12301969,33702757,41801532,15854324,5638676,652856,7650149,6420740,33784,15008225,6982604,10975924,211032,575987,5446771,2073894,10175214,1136274,40654,96762,16945062,37667,15477727,7889095,69428454,9100847,5850902,1267975,103199,1389841,11565203,82340090,11505,56313444,42729032,44622518,3449290,326838199,32956100,110210,28887117,29795,107001,95545959,292675,196128,1797085,28498683,57792520,17351714,14438812
106310,38041757,31825299,2854191,77146,9770526,44938712,2957728,55312,97115,25365745,8879920,10024283,11530577,11488980,11801151,20321383,163046173,6975761,1641164,389486,3300998,9419758,390351,63913,11513102,211049519,287021,433296,763094,2303703,4745179,37593384,8575280,18952035,1407745000,25716554,25876387,86790568,5380504,50339443,850891,549936,5047561,11333484,157441,64948,1198574,10671870,83092962,973557,71808,5814422,10738957,43053054,17373657,100388076,,47133521,1326898,112078727,5521606,889955,67248926,48677,113811,2172578,66836327,3720161,30417858,12771246,2347696,1920917,1355982,10721582,112002,56225,16604026,167295,782775,9746115,4065253,11263079,9771141,270625567,84589,1366417756,4934340,82913893,39309789,360563,59729081,2948277,10101697,126264931,18513673,52573967,6456200,16486542,117608,52834,51709098,4207077,7169456,6855709,4937374,6777453,182795,38020,21803000,2125267,2794137,620001,1913822,38002,36471766,38967,2664974,26969306,530957,127575529,58791,2076694,19658023,504062,54045422,622028,3225166,57213,30366043,4525698,1265711,18628749,31949789,2494524,271300,23310719,200963603,6545503,17344874,5347896,28608715,10764,4979300,4974992,216565317,4246440,32510462,108116622,18001,8776119,37965475,3193694,25666158,10286263,7044639,279285,2832071,19371648,144406261,12626938,34268529,42813237,16296362,5703569,669821,7813207,6453550,33864,15442906,6945235,11062114,215048,581363,5454147,2088385,10278887,1148133,40733,97625,17070132,38194,15946882,8082359,69625581,9321023,5942094,1293120,104497,1394969,11694721,83429607,11655,58005461,44269587,44386203,3461731,328329953,33580350,110593,28515829,30033,106669,96462108,299882,197093,1788878,29161922,58558267,17861034,14645473
106766,38928341,32866268,2837743,77265,9890400,45376763,2963234,55197,97928,25687041,8917205,10093121,11890781,11555997,12123198,20903278,164689383,6934015,1701583,393248,3280815,9379952,397621,63903,11673029,212559409,287371,437483,771612,2351625,4829764,38005238,8636896,19116209,1410929362,26378275,26545864,89561404,5518092,50882884,869595,555988,5094114,11326616,155014,65720,1207361,10698896,83240525,988002,71991,5831404,10847904,43851043,17643060,102334403,,47351567,1331057,114963583,5530719,896444,67391582,48865,115021,2225728,67215293,3714000,31072945,13132792,2416664,1967998,1402985,10715549,112519,56367,16858333,168783,786559,9904608,4047200,11402533,9749763,273523621,85032,1380004385,4994724,83992953,40222503,366425,59554023,2961161,10203140,125836021,18754440,53771300,6591600,16718971,119446,53192,51780579,4270563,7275556,6825442,5057677,6871287,183629,38137,21919000,2142252,2794700,632275,1901548,38659,36910558,39244,2620495,27691019,540542,128932753,59194,2072531,20250834,525285,54409794,621306,3278292,57557,31255435,4649660,1265740,19129955,32365998,2540916,271960,24206636,206139587,6624554,17441139,5379475,29136808,10834,5084300,5106622,220892331,4314768,32971846,109581085,18092,8947027,37950802,3194034,25778815,10305564,7132530,280904,2881060,19286123,144104080,12952209,34813867,43849269,16743930,5685807,686878,7976985,6486201,33938,15893219,6908224,11193729,219161,586634,5458827,2100126,10353442,1160164,40812,98462,17500657,38718,16425859,8278737,69799978,9537642,6031187,1318442,105697,1399491,11818618,84339067,11792,59734213,45741000,44134693,3473727,329484123,34232050,110947,28435943,30237,106290,97338583,307150,198410,1775378,29825968,59308690,18383956,14862927